platform,overall_score,cleanliness,comfort,location,service,facility,value_for_money,meal,free_wifi,amenities
Traveloka,9.4,9.3,8.9,9.0,9.2,9.6,,8.8,,
Traveloka,9.1,9.2,9.1,9.1,9.3,9.3,,8.5,,
Traveloka,9.4,9.4,9.2,9.6,9.4,9.5,,8.5,,
Traveloka,9.2,9.7,9.6,9.5,9.0,8.7,,8.9,,
Traveloka,8.7,9.1,8.8,9.2,8.9,8.7,,8.4,,
Traveloka,9.0,9.1,9.4,9.2,8.8,9.1,,8.1,,
Traveloka,9.4,9.7,9.0,9.2,8.9,9.3,,8.6,,
Traveloka,9.3,9.4,9.1,9.0,10.0,9.6,,8.5,,
Traveloka,9.6,9.1,9.3,9.8,9.5,9.3,,8.3,,
Traveloka,9.1,9.4,8.8,9.2,8.7,9.0,,8.5,,
Traveloka,8.9,9.1,9.2,9.7,8.7,8.8,,8.7,,
Traveloka,9.4,9.1,9.1,9.8,9.2,9.5,,8.6,,
Traveloka,9.5,9.3,9.2,9.6,9.3,8.8,,8.7,,
Traveloka,9.3,8.6,9.2,9.2,9.3,9.6,,9.1,,
Traveloka,9.0,8.7,9.8,9.4,9.0,9.0,,8.5,,
Traveloka,9.2,9.0,8.9,9.3,9.1,9.6,,8.7,,
Traveloka,9.1,8.9,8.9,9.0,9.2,9.3,,8.4,,
Traveloka,9.1,9.3,8.9,9.4,9.1,9.1,,8.3,,
Traveloka,8.4,8.9,8.9,8.9,8.4,8.9,,8.4,,
Traveloka,9.4,8.8,8.9,9.7,9.0,9.0,,8.5,,
Traveloka,9.2,9.6,9.5,9.2,8.8,9.2,,8.7,,
Traveloka,9.3,9.1,9.5,9.4,9.2,9.1,,9.3,,
Traveloka,9.4,9.2,8.9,9.4,10.0,8.9,,8.4,,
Traveloka,9.0,8.8,8.9,9.2,9.2,9.1,,8.5,,
Traveloka,9.1,9.0,9.2,9.5,9.0,9.1,,8.6,,
Traveloka,8.9,9.2,8.9,9.2,9.4,8.5,,8.7,,
Traveloka,9.5,8.9,9.3,9.6,9.2,9.2,,8.7,,
Traveloka,8.9,9.3,9.2,8.9,9.2,8.8,,9.0,,
Traveloka,9.0,9.0,8.6,9.3,9.3,8.8,,7.9,,
Traveloka,9.3,9.1,9.6,9.9,9.7,8.6,,7.9,,
Traveloka,9.0,9.0,9.6,9.0,8.8,8.6,,8.5,,
Traveloka,9.2,9.8,8.9,9.1,9.2,8.7,,8.9,,
Traveloka,8.9,9.2,9.0,9.5,8.8,8.9,,8.1,,
Traveloka,9.5,8.9,9.2,9.4,9.3,9.7,,7.7,,
Traveloka,9.2,9.4,9.2,9.4,8.8,8.9,,8.8,,
Traveloka,9.2,8.8,9.3,9.4,9.0,9.2,,8.7,,
Traveloka,9.3,9.3,9.7,9.5,9.0,9.2,,8.3,,
Traveloka,9.5,8.6,9.0,9.6,9.4,9.1,,8.3,,
Traveloka,9.5,8.8,8.9,9.4,9.4,9.1,,8.3,,
Traveloka,8.9,9.3,8.7,9.2,8.7,8.7,,8.6,,
Traveloka,9.6,9.4,8.9,9.5,9.1,9.5,,8.4,,
Traveloka,9.4,9.3,9.1,9.9,8.9,9.6,,8.7,,
Traveloka,9.0,9.2,9.6,9.3,8.7,8.6,,7.7,,
Traveloka,8.7,9.1,8.9,9.0,9.0,8.8,,8.3,,
Traveloka,9.1,8.8,9.2,9.6,9.0,9.0,,8.3,,
Traveloka,9.1,9.0,9.1,9.3,9.8,8.8,,8.5,,
Traveloka,9.2,9.1,9.5,8.6,9.2,9.3,,8.4,,
Traveloka,9.3,9.5,9.9,9.6,8.7,8.9,,8.8,,
Traveloka,8.9,9.3,8.9,9.1,8.9,9.7,,8.0,,
Traveloka,9.2,8.7,9.0,9.3,9.4,9.5,,8.6,,
Traveloka,9.6,9.3,9.4,9.4,9.7,9.2,,8.8,,
Traveloka,9.1,9.1,9.3,9.4,8.6,9.4,,9.2,,
Traveloka,9.2,9.0,9.7,9.5,8.5,9.4,,8.5,,
Traveloka,9.4,9.4,9.3,9.2,9.7,8.9,,8.7,,
Traveloka,9.3,9.5,9.0,9.5,9.2,8.9,,8.1,,
Traveloka,9.1,9.5,9.3,9.2,8.8,9.1,,7.9,,
Traveloka,9.1,8.9,9.4,9.5,9.3,9.4,,8.9,,
Traveloka,8.8,9.1,9.3,9.5,8.3,9.1,,8.6,,
Traveloka,9.1,9.3,9.3,9.0,9.1,8.6,,9.0,,
Traveloka,9.3,9.5,9.4,9.6,9.2,8.9,,8.2,,
Traveloka,9.2,9.1,9.5,9.1,9.4,9.1,,8.8,,
Traveloka,9.0,9.1,9.5,9.5,8.8,9.1,,9.2,,
Traveloka,9.2,8.9,9.3,9.4,9.1,9.7,,8.7,,
Traveloka,9.2,8.8,9.0,9.9,8.8,8.7,,8.7,,
Traveloka,9.2,9.4,9.1,9.2,9.2,9.3,,8.6,,
Traveloka,9.1,9.6,9.5,9.2,8.8,9.5,,8.1,,
Traveloka,9.4,9.2,8.9,9.3,9.0,9.8,,9.0,,
Traveloka,9.1,9.5,9.2,9.2,8.8,9.0,,8.4,,
Traveloka,9.3,9.3,9.0,9.5,9.3,9.2,,8.8,,
Traveloka,9.4,9.0,9.1,8.8,9.4,9.3,,8.1,,
Traveloka,9.1,9.3,9.5,9.0,9.0,9.2,,8.2,,
Traveloka,9.3,9.7,9.2,9.0,9.1,9.1,,9.0,,
Traveloka,9.0,9.2,9.1,9.6,8.7,9.2,,8.5,,
Traveloka,9.2,9.7,8.7,9.8,9.0,8.3,,9.0,,
Traveloka,9.1,8.4,9.3,9.3,9.1,9.3,,8.6,,
Traveloka,9.2,9.4,9.3,9.2,9.9,9.1,,8.0,,
Traveloka,9.1,9.2,9.7,9.3,8.8,9.0,,8.9,,
Traveloka,9.5,9.1,9.0,9.6,9.5,9.7,,8.4,,
Traveloka,9.2,9.2,9.2,9.0,9.4,8.9,,8.8,,
Traveloka,9.2,8.6,9.2,9.4,9.2,9.0,,8.6,,
Traveloka,9.5,9.1,9.6,9.6,9.6,9.7,,8.1,,
Traveloka,9.4,9.3,9.1,9.5,9.2,8.9,,8.6,,
Traveloka,9.1,9.6,9.2,9.4,9.2,8.9,,9.3,,
Traveloka,9.2,9.0,9.3,9.6,9.1,9.1,,8.7,,
Traveloka,9.1,9.0,9.2,8.5,9.5,9.4,,8.6,,
Traveloka,9.1,9.0,9.0,9.5,9.4,9.2,,8.9,,
Traveloka,9.2,9.5,9.2,9.1,8.9,8.7,,8.7,,
Traveloka,9.3,9.3,9.4,8.8,8.7,8.9,,8.7,,
Traveloka,9.1,9.0,8.8,9.5,9.0,8.9,,8.3,,
Traveloka,9.3,9.4,9.1,9.7,8.9,9.1,,8.7,,
Traveloka,9.2,9.2,8.9,9.3,9.1,9.2,,8.9,,
Traveloka,9.3,9.5,9.5,9.6,9.5,9.2,,8.3,,
Traveloka,8.8,9.0,8.6,9.8,9.0,8.6,,9.0,,
Traveloka,9.2,9.1,8.9,9.7,9.1,9.4,,8.6,,
Traveloka,9.1,9.1,9.2,9.8,9.1,9.2,,8.3,,
Traveloka,9.5,8.8,9.6,9.5,9.4,9.5,,8.9,,
Traveloka,9.0,9.3,9.1,9.3,8.4,9.2,,8.5,,
Traveloka,9.0,9.3,8.9,8.8,8.9,9.4,,8.8,,
Traveloka,9.3,9.2,9.7,9.2,9.2,9.2,,8.5,,
Traveloka,9.1,9.1,8.7,9.0,9.5,9.5,,8.6,,
Traveloka,9.1,8.8,8.4,10.0,9.0,9.3,,8.7,,
Traveloka,9.0,9.1,9.2,9.2,8.5,9.1,,8.7,,
Traveloka,9.5,9.1,8.9,9.3,9.3,9.8,,8.0,,
Traveloka,9.2,9.0,8.8,9.5,8.9,9.4,,8.3,,
Traveloka,9.1,9.2,9.3,9.3,8.7,9.3,,8.9,,
Traveloka,9.2,9.3,9.2,9.8,8.9,8.7,,8.6,,
Traveloka,9.2,9.8,8.9,9.1,9.0,8.7,,8.4,,
Traveloka,9.2,9.3,8.7,9.4,8.9,9.2,,8.2,,
Traveloka,8.8,9.3,9.4,9.1,8.4,9.1,,8.3,,
Traveloka,9.1,9.2,9.3,8.9,9.4,8.9,,8.0,,
Traveloka,8.9,8.6,9.1,9.1,9.5,9.1,,8.6,,
Traveloka,9.4,9.2,9.7,9.3,9.3,9.6,,8.4,,
Traveloka,9.0,9.2,8.8,9.2,8.8,9.3,,8.3,,
Traveloka,9.6,9.9,8.6,9.1,9.0,8.8,,8.6,,
Traveloka,9.0,9.1,8.9,8.9,9.1,9.1,,8.7,,
Traveloka,9.0,9.3,9.1,9.3,9.3,8.9,,9.2,,
Traveloka,9.1,9.2,9.2,8.8,9.3,9.0,,8.1,,
Traveloka,9.1,8.8,9.0,9.5,8.9,9.0,,8.9,,
Traveloka,9.5,9.5,9.2,9.3,9.1,9.0,,8.9,,
Traveloka,9.0,9.4,8.7,8.9,9.2,8.7,,8.4,,
Traveloka,9.1,9.4,9.5,9.2,9.5,9.1,,8.7,,
Traveloka,9.2,8.9,9.1,9.1,9.3,8.9,,8.5,,
Traveloka,9.0,9.6,9.4,9.4,9.3,8.2,,8.7,,
Traveloka,9.2,8.8,9.2,9.7,9.1,9.7,,9.1,,
Traveloka,9.2,9.4,9.2,8.7,9.5,9.4,,8.8,,
Traveloka,9.4,9.9,9.3,9.3,9.2,9.0,,8.8,,
Traveloka,9.1,8.9,9.2,9.3,8.8,9.1,,8.5,,
Traveloka,9.1,9.0,9.3,9.5,9.5,8.7,,8.2,,
Traveloka,9.3,9.2,9.5,9.4,9.3,9.6,,8.5,,
Traveloka,9.2,9.0,9.2,9.1,9.0,9.7,,9.0,,
Traveloka,9.0,8.7,9.3,9.2,9.0,9.1,,8.1,,
Traveloka,9.2,9.2,9.1,9.1,9.2,9.4,,8.3,,
Traveloka,9.3,8.9,9.5,9.6,9.2,9.2,,8.6,,
Traveloka,9.3,9.3,8.9,9.3,9.2,8.7,,8.3,,
Traveloka,9.3,8.9,9.6,9.9,9.2,9.0,,8.4,,
Traveloka,9.5,9.7,9.1,9.3,9.6,9.1,,8.5,,
Traveloka,8.9,9.0,8.7,9.1,9.4,9.0,,8.2,,
Traveloka,9.0,9.1,9.1,8.8,9.2,9.0,,8.3,,
Traveloka,9.3,9.4,8.9,8.8,9.4,9.1,,8.8,,
Traveloka,9.0,8.8,9.4,8.8,8.8,9.1,,8.2,,
Traveloka,9.1,9.3,8.9,9.4,9.2,9.1,,8.1,,
Traveloka,9.3,9.6,9.0,9.5,9.6,8.8,,8.4,,
Traveloka,8.8,8.7,8.5,8.8,9.0,8.9,,8.8,,
Traveloka,9.2,9.3,9.0,9.6,8.8,8.7,,8.5,,
Traveloka,9.3,9.3,8.4,9.2,8.9,9.4,,8.5,,
Traveloka,8.9,9.4,8.6,9.3,8.8,8.5,,8.6,,
Traveloka,9.3,8.8,9.3,9.8,8.9,9.4,,8.1,,
Traveloka,9.2,8.8,9.3,9.6,9.0,9.5,,8.7,,
Traveloka,9.1,9.4,9.2,9.2,8.7,9.0,,8.7,,
Traveloka,8.9,9.3,8.8,9.0,9.1,8.3,,8.5,,
Traveloka,9.2,9.3,9.1,8.7,9.4,9.0,,8.9,,
Traveloka,9.1,9.3,9.1,9.1,8.8,9.1,,8.3,,
Traveloka,9.5,9.0,8.8,9.2,9.6,8.8,,8.9,,
Traveloka,9.0,9.3,9.6,9.0,9.3,8.9,,8.6,,
Traveloka,9.5,9.3,9.4,9.3,9.4,9.6,,8.5,,
Traveloka,9.0,9.0,9.0,9.3,8.9,9.3,,8.6,,
Traveloka,9.2,9.8,9.1,9.2,9.4,8.8,,8.6,,
Traveloka,9.0,9.3,9.2,9.1,8.8,8.6,,9.0,,
Traveloka,9.2,8.8,8.5,9.4,9.4,9.0,,8.3,,
Traveloka,9.7,9.4,9.0,9.4,9.2,9.0,,8.4,,
Traveloka,9.1,8.9,8.9,9.0,9.3,9.2,,8.9,,
Traveloka,9.0,9.4,8.8,9.7,8.7,8.9,,8.4,,
Traveloka,9.3,9.5,9.0,9.3,8.8,9.3,,8.9,,
Traveloka,9.0,9.0,9.6,9.3,9.3,9.7,,9.1,,
Traveloka,9.2,9.5,9.3,9.5,8.8,9.3,,8.5,,
Traveloka,9.3,9.3,8.9,9.4,9.2,9.1,,8.8,,
Traveloka,9.3,9.4,9.3,9.6,8.7,9.0,,8.3,,
Traveloka,9.6,9.8,9.5,9.4,9.4,9.0,,8.8,,
Traveloka,9.0,9.1,9.4,9.1,8.7,9.5,,8.7,,
Traveloka,9.1,9.0,9.1,9.4,9.3,8.9,,8.7,,
Traveloka,9.0,8.9,8.9,9.0,9.3,9.1,,8.4,,
Traveloka,8.9,9.0,9.3,9.3,8.9,9.1,,8.1,,
Traveloka,9.2,9.2,9.2,9.3,9.3,8.9,,8.8,,
Traveloka,8.9,9.3,9.4,9.2,9.2,8.7,,8.0,,
Traveloka,9.1,9.3,9.3,9.3,8.9,9.2,,8.5,,
Traveloka,8.9,9.4,9.4,8.7,8.8,9.1,,8.9,,
Traveloka,9.1,9.2,8.9,9.1,8.5,9.3,,8.7,,
Traveloka,9.5,9.6,9.5,9.3,9.2,8.9,,9.2,,
Traveloka,8.9,9.1,9.2,9.3,8.6,9.5,,8.9,,
Traveloka,9.0,10.0,9.7,9.0,9.1,8.8,,8.4,,
Traveloka,9.4,9.4,8.9,9.7,9.0,9.6,,8.6,,
Traveloka,9.0,8.9,9.6,9.0,9.3,8.6,,8.6,,
Traveloka,9.2,8.9,9.2,9.6,9.0,9.2,,8.1,,
Traveloka,9.1,9.3,8.9,9.4,9.0,9.2,,8.3,,
Traveloka,9.1,9.1,9.0,9.1,9.3,8.9,,8.4,,
Traveloka,9.4,9.4,9.0,9.8,9.2,9.2,,8.0,,
Traveloka,9.4,9.3,9.2,8.9,9.2,9.5,,8.6,,
Traveloka,8.8,9.2,9.3,9.6,9.2,8.4,,8.5,,
Traveloka,9.0,8.9,8.9,9.6,8.6,9.3,,8.1,,
Traveloka,8.9,8.7,9.1,9.1,9.3,8.4,,8.7,,
Traveloka,9.1,9.1,9.7,9.7,9.3,8.8,,8.8,,
Traveloka,9.5,9.5,9.6,9.2,8.8,9.6,,8.7,,
Traveloka,9.1,9.3,9.2,9.4,9.0,8.9,,8.5,,
Traveloka,9.0,8.8,9.1,9.4,9.1,8.7,,8.8,,
Traveloka,9.3,9.3,9.1,9.3,9.1,9.0,,8.8,,
Traveloka,9.3,9.3,9.3,9.5,9.2,9.7,,8.7,,
Traveloka,8.9,8.9,8.8,9.5,9.5,8.6,,8.4,,
Traveloka,9.0,9.2,9.0,8.8,9.4,8.8,,8.7,,
Traveloka,9.4,9.2,8.6,9.7,8.7,9.5,,9.0,,
Traveloka,9.1,8.9,9.2,8.8,9.3,9.7,,8.4,,
Traveloka,9.3,9.3,9.3,9.6,9.5,9.1,,9.2,,
Traveloka,9.4,9.4,9.0,9.6,9.2,8.7,,8.4,,
Traveloka,9.4,9.5,9.6,9.0,9.4,9.7,,8.6,,
Traveloka,9.4,9.5,8.7,9.2,9.7,9.6,,8.4,,
Traveloka,9.1,8.8,8.7,9.0,9.4,9.3,,8.7,,
Traveloka,9.2,8.9,9.2,9.2,9.2,8.9,,8.1,,
Traveloka,9.6,9.4,9.4,9.2,9.4,9.1,,8.4,,
Traveloka,9.4,9.4,9.6,9.5,9.1,9.1,,8.3,,
Traveloka,9.5,9.4,9.0,9.7,9.1,9.2,,8.6,,
Traveloka,9.5,10.0,9.4,9.7,9.0,9.5,,8.9,,
Traveloka,9.2,9.4,9.1,9.1,9.6,9.4,,8.8,,
Traveloka,9.1,9.5,9.0,9.2,8.9,8.8,,7.9,,
Traveloka,9.4,9.5,9.4,8.8,9.6,9.5,,9.2,,
Traveloka,9.1,9.4,9.3,9.1,9.2,9.2,,8.7,,
Traveloka,9.1,9.1,8.6,9.6,8.7,9.3,,8.4,,
Traveloka,9.5,9.4,9.5,9.8,9.2,9.5,,8.6,,
Traveloka,8.8,9.0,9.5,8.9,8.5,8.8,,8.7,,
Traveloka,9.2,9.1,8.9,9.1,9.3,9.1,,8.4,,
Traveloka,9.2,9.1,9.2,9.3,9.4,8.9,,8.7,,
Traveloka,9.0,9.2,9.2,9.4,8.9,8.6,,8.4,,
Traveloka,9.3,9.9,9.2,9.1,9.1,9.2,,8.5,,
Traveloka,9.2,8.6,8.9,9.4,9.7,9.9,,8.4,,
Traveloka,9.3,9.4,8.9,9.2,8.9,8.5,,8.2,,
Traveloka,9.0,8.7,9.1,9.3,8.8,9.1,,8.6,,
Traveloka,9.3,9.1,9.5,9.5,9.5,9.3,,8.8,,
Traveloka,9.3,9.5,9.3,9.3,9.7,9.1,,8.8,,
Traveloka,9.6,9.2,9.0,9.2,9.1,9.1,,8.8,,
Traveloka,8.9,8.9,9.3,9.3,9.4,8.7,,8.7,,
Traveloka,9.2,9.0,8.2,9.3,9.5,9.2,,8.4,,
Traveloka,9.2,9.4,9.4,9.2,8.9,8.9,,8.9,,
Traveloka,9.0,9.0,8.6,9.2,9.0,8.4,,8.2,,
Traveloka,9.7,9.3,9.0,9.8,9.5,9.5,,8.3,,
Traveloka,9.7,9.2,8.8,9.5,9.6,9.4,,8.3,,
Traveloka,9.2,9.0,8.7,9.2,9.3,9.1,,8.9,,
Traveloka,9.2,9.8,9.4,9.5,8.8,9.2,,8.9,,
Traveloka,9.4,9.4,9.0,9.2,9.7,9.4,,8.7,,
Traveloka,9.1,8.6,9.2,9.7,8.9,9.2,,8.9,,
Traveloka,9.6,9.3,9.1,9.4,9.0,9.4,,8.3,,
Traveloka,8.9,9.0,9.2,9.3,9.2,9.0,,8.7,,
Traveloka,9.7,9.5,9.1,9.4,9.6,9.5,,8.6,,
Traveloka,9.1,9.0,8.7,8.8,9.4,9.2,,8.9,,
Traveloka,9.3,9.2,9.4,9.0,9.2,9.2,,8.6,,
Traveloka,9.1,9.4,9.0,8.9,9.2,8.7,,8.5,,
Traveloka,9.2,9.5,8.6,9.3,9.1,9.2,,8.8,,
Traveloka,9.3,8.8,9.0,9.8,9.3,8.9,,8.9,,
Traveloka,9.1,9.1,9.6,10.0,8.3,8.9,,8.4,,
Traveloka,9.3,9.1,9.4,9.5,9.0,8.9,,8.6,,
Traveloka,9.1,9.0,9.0,9.5,9.2,8.8,,8.3,,
Traveloka,9.2,9.7,9.0,8.8,8.8,9.7,,7.9,,
Traveloka,9.0,9.3,9.0,9.1,9.2,9.5,,8.7,,
Traveloka,9.2,8.8,9.7,9.1,9.0,9.7,,8.8,,
Traveloka,9.3,9.5,9.2,9.1,9.6,8.7,,8.7,,
Traveloka,9.3,9.8,9.2,9.2,9.6,9.1,,8.0,,
Traveloka,9.0,9.5,9.4,9.2,9.0,8.7,,8.5,,
Traveloka,8.8,8.7,9.2,8.7,9.1,8.9,,7.9,,
Traveloka,8.9,9.1,9.0,9.5,9.1,8.8,,9.0,,
Traveloka,9.2,9.6,9.0,9.0,9.0,9.5,,8.3,,
Traveloka,9.0,9.0,9.1,9.4,9.2,9.0,,9.0,,
Traveloka,9.3,9.3,9.1,9.9,8.9,9.4,,8.9,,
Traveloka,9.0,9.4,9.3,9.0,8.8,9.3,,8.3,,
Traveloka,8.9,8.9,9.1,8.5,9.3,9.8,,8.3,,
Traveloka,9.4,9.2,9.3,9.2,9.3,8.7,,8.7,,
Traveloka,9.2,8.2,9.1,9.6,8.9,9.5,,8.3,,
Traveloka,9.3,8.9,9.1,9.9,9.4,9.4,,8.6,,
Traveloka,9.0,9.1,8.5,8.9,8.9,8.8,,8.5,,
Traveloka,9.2,8.8,9.4,9.4,9.2,9.4,,8.1,,
Traveloka,9.5,9.7,9.2,9.2,9.3,9.2,,7.9,,
Traveloka,8.9,8.8,9.4,9.3,9.1,9.0,,8.7,,
Traveloka,9.4,9.1,8.2,10.0,9.2,8.9,,8.4,,
Traveloka,8.9,9.2,9.7,8.8,8.9,8.9,,8.4,,
Traveloka,9.2,9.6,9.1,9.4,9.0,9.7,,8.8,,
Traveloka,9.2,8.8,9.4,9.4,9.0,9.1,,9.0,,
Traveloka,9.5,9.5,8.8,9.6,8.9,9.3,,8.5,,
Traveloka,9.5,9.2,9.3,9.3,9.0,8.9,,8.5,,
Traveloka,8.7,8.9,8.8,9.4,8.6,8.9,,8.8,,
Traveloka,9.3,9.3,8.9,9.2,9.0,9.4,,8.2,,
Traveloka,9.0,9.3,9.7,9.4,9.0,8.7,,8.7,,
Traveloka,9.2,9.0,9.0,9.2,9.0,9.0,,8.8,,
Traveloka,9.0,9.2,9.2,9.5,9.0,9.1,,8.8,,
Traveloka,8.9,9.1,9.4,9.2,9.1,9.1,,8.0,,
Traveloka,9.1,9.2,9.2,9.4,9.2,9.0,,8.4,,
Traveloka,9.3,9.4,9.1,9.3,9.4,9.2,,8.3,,
Traveloka,9.3,9.7,9.2,9.6,8.9,9.3,,8.6,,
Traveloka,9.1,8.8,9.8,9.3,8.7,9.3,,8.7,,
Traveloka,9.2,9.8,9.1,8.8,8.8,8.8,,9.0,,
Traveloka,9.1,8.6,9.2,9.7,9.0,9.0,,8.5,,
Traveloka,9.4,9.2,9.4,9.0,9.0,9.5,,8.5,,
Traveloka,9.3,9.4,9.4,9.1,8.9,9.4,,8.9,,
Traveloka,8.8,9.3,9.5,9.1,8.7,8.7,,8.7,,
Traveloka,9.4,9.0,9.3,9.7,9.0,9.2,,9.0,,
Traveloka,8.8,9.1,8.8,8.7,9.2,8.5,,8.7,,
Traveloka,9.5,9.1,9.6,10.0,9.3,9.1,,8.3,,
Traveloka,9.5,9.0,8.8,9.6,8.9,9.7,,8.2,,
Traveloka,9.3,9.5,9.2,9.4,9.0,8.8,,8.1,,
Traveloka,8.8,9.3,8.9,9.3,8.8,8.8,,8.8,,
Traveloka,9.0,9.0,9.1,9.4,9.1,9.3,,9.0,,
Traveloka,9.3,9.5,9.2,9.5,8.8,8.6,,9.2,,
Traveloka,9.2,9.3,9.2,9.5,9.3,8.9,,8.9,,
Traveloka,9.2,9.4,9.2,9.5,8.6,9.3,,8.9,,
Traveloka,9.3,9.4,9.6,9.3,9.0,8.9,,8.4,,
Traveloka,9.2,9.0,9.2,9.2,9.2,9.0,,8.3,,
Traveloka,9.2,9.0,9.0,9.3,9.2,9.3,,8.9,,
Traveloka,9.4,9.4,9.4,9.2,9.9,9.2,,8.7,,
Traveloka,9.3,9.4,9.5,9.6,9.2,9.2,,8.6,,
Traveloka,9.2,9.2,8.7,9.5,8.8,9.0,,8.7,,
Traveloka,9.1,9.2,9.3,8.4,9.1,9.2,,8.7,,
Traveloka,9.2,9.6,9.3,9.5,8.6,9.1,,9.0,,
Traveloka,9.3,9.0,9.0,9.4,9.1,9.2,,9.0,,
Traveloka,9.1,9.4,9.5,9.3,8.9,9.0,,8.8,,
Traveloka,9.1,9.1,9.1,9.2,9.4,9.0,,8.9,,
Traveloka,9.0,9.1,9.1,9.6,8.9,8.8,,8.8,,
Traveloka,9.2,9.5,9.0,9.6,9.1,9.1,,8.5,,
Traveloka,9.0,9.4,9.1,9.1,8.9,8.9,,8.8,,
Traveloka,9.5,9.4,8.8,9.4,9.6,8.8,,8.2,,
Traveloka,9.1,9.6,8.7,9.0,9.0,9.2,,8.9,,
Traveloka,9.3,9.2,9.6,8.9,9.6,9.2,,8.2,,
Traveloka,9.2,9.4,8.8,9.1,9.3,9.3,,8.7,,
Traveloka,9.2,9.1,8.8,9.6,9.2,9.0,,8.3,,
Traveloka,9.1,9.3,8.5,9.6,9.2,9.2,,8.8,,
Traveloka,9.3,9.2,8.9,9.5,9.2,9.3,,8.6,,
Traveloka,9.0,9.2,8.7,9.5,8.5,9.2,,8.1,,
Traveloka,9.3,9.4,9.6,9.5,9.0,8.9,,8.7,,
Traveloka,9.2,9.0,9.4,9.1,9.4,9.1,,8.4,,
Traveloka,9.2,9.8,8.9,9.4,9.1,9.2,,8.9,,
Traveloka,9.2,8.9,9.8,9.5,8.7,9.1,,8.6,,
Traveloka,9.0,8.8,9.4,9.5,9.1,8.5,,8.7,,
Traveloka,9.5,9.5,9.0,9.7,9.6,9.1,,8.3,,
Traveloka,9.5,9.4,8.4,9.5,9.5,9.8,,8.4,,
Traveloka,9.2,9.4,9.8,9.4,9.1,9.0,,8.5,,
Traveloka,9.4,9.4,8.7,9.6,9.4,8.9,,8.9,,
Traveloka,9.2,9.2,8.6,9.3,9.0,9.2,,9.1,,
Traveloka,8.6,8.9,9.4,9.0,8.6,9.2,,8.4,,
Traveloka,9.1,9.2,9.8,9.3,8.8,9.5,,8.9,,
Traveloka,9.1,9.0,9.5,9.1,9.6,8.7,,7.9,,
Traveloka,9.3,9.5,9.3,9.1,9.0,9.3,,8.2,,
Traveloka,9.4,9.2,9.3,9.3,9.0,9.3,,8.3,,
Traveloka,8.9,9.0,9.4,9.1,9.0,9.1,,8.2,,
Traveloka,9.2,9.1,9.3,9.2,9.7,9.2,,8.1,,
Traveloka,9.2,9.3,9.2,8.7,9.6,9.4,,8.7,,
Traveloka,9.3,9.0,9.1,9.4,9.8,9.4,,8.5,,
Traveloka,9.0,9.0,9.1,9.3,9.1,8.8,,8.7,,
Traveloka,9.3,9.3,8.9,9.1,9.2,9.3,,8.8,,
Traveloka,8.9,9.3,9.0,9.5,8.6,9.1,,8.7,,
Traveloka,9.4,9.0,8.6,9.6,9.5,9.1,,8.8,,
Traveloka,8.7,9.1,9.1,8.8,8.7,9.1,,8.6,,
Traveloka,9.1,9.3,8.8,9.1,9.2,9.1,,8.2,,
Traveloka,9.0,8.8,8.8,9.1,8.8,9.5,,8.9,,
Traveloka,9.2,8.8,9.2,9.0,8.9,9.1,,8.4,,
Traveloka,9.0,9.0,9.5,9.5,8.8,8.8,,8.3,,
Traveloka,8.7,9.1,9.4,9.2,8.9,9.0,,8.5,,
Traveloka,8.8,9.3,8.6,9.2,8.9,9.2,,8.3,,
Traveloka,9.2,9.6,8.8,8.7,8.9,9.5,,8.5,,
Traveloka,9.5,9.5,9.4,9.5,9.4,9.3,,8.7,,
Traveloka,9.0,9.2,8.8,8.9,8.8,8.8,,8.7,,
Traveloka,9.4,9.2,9.0,9.3,9.2,9.8,,8.3,,
Traveloka,9.4,8.9,9.3,9.4,9.5,9.2,,8.5,,
Traveloka,9.2,9.2,8.8,9.7,8.9,9.5,,8.9,,
Traveloka,9.1,9.1,9.1,8.9,8.9,9.1,,8.7,,
Traveloka,8.8,9.3,8.7,8.4,9.0,9.3,,9.2,,
Traveloka,9.2,9.0,8.9,9.4,9.5,9.4,,9.0,,
Traveloka,9.2,9.4,9.2,9.8,9.2,9.5,,8.9,,
Traveloka,9.4,9.7,8.6,9.7,8.9,9.4,,8.2,,
Traveloka,9.3,9.2,9.2,9.4,9.2,9.4,,8.8,,
Traveloka,9.1,9.3,9.1,9.2,8.8,9.0,,8.6,,
Traveloka,9.3,9.4,9.3,9.5,9.3,8.9,,8.4,,
Traveloka,9.0,9.1,9.2,9.0,9.2,9.2,,8.7,,
Traveloka,9.2,9.3,9.5,9.4,9.0,9.4,,8.9,,
Traveloka,8.9,9.2,9.1,9.5,8.8,9.0,,8.8,,
Traveloka,9.4,9.2,9.0,9.6,8.8,9.4,,8.3,,
Traveloka,9.4,9.0,9.1,10.0,9.3,9.5,,8.8,,
Traveloka,9.2,9.2,9.3,9.4,9.5,8.8,,8.4,,
Traveloka,9.3,9.3,9.1,9.1,8.9,8.8,,8.7,,
Traveloka,9.1,9.6,9.1,9.3,9.2,9.1,,8.5,,
Traveloka,8.8,9.5,8.9,8.8,8.5,9.2,,8.5,,
Traveloka,9.0,9.8,8.9,9.1,8.9,8.9,,8.8,,
Traveloka,9.2,9.0,8.7,9.2,9.1,9.5,,8.3,,
Traveloka,9.2,9.5,9.6,9.1,8.8,9.2,,9.2,,
Traveloka,9.2,9.3,8.7,9.3,8.8,9.1,,8.1,,
Traveloka,9.6,9.9,8.9,9.1,8.9,8.7,,8.4,,
Traveloka,8.8,9.0,8.9,9.6,9.2,8.7,,8.7,,
Traveloka,9.2,8.9,9.4,9.3,9.0,9.2,,8.8,,
Traveloka,8.7,9.0,9.0,9.3,8.4,8.5,,8.6,,
Traveloka,8.8,8.6,9.5,9.2,8.5,9.4,,8.6,,
Traveloka,9.0,9.0,8.9,9.3,8.9,9.1,,8.7,,
Traveloka,9.3,9.0,9.2,9.5,9.2,10.0,,8.5,,
Traveloka,9.3,9.2,8.8,9.0,8.3,9.8,,9.0,,
Traveloka,9.2,9.3,9.7,9.1,9.0,9.0,,8.9,,
Traveloka,9.3,9.8,8.7,9.2,8.9,9.1,,8.9,,
Traveloka,9.5,9.5,9.2,8.9,9.5,9.4,,8.3,,
Traveloka,8.9,9.0,9.3,9.1,9.0,9.6,,8.6,,
Traveloka,8.8,8.9,9.2,9.2,9.2,8.6,,8.5,,
Traveloka,8.8,9.3,9.0,9.6,9.1,8.6,,8.3,,
Traveloka,8.8,8.8,9.1,9.4,8.5,8.9,,8.7,,
Traveloka,9.5,9.7,9.1,9.4,9.3,9.3,,8.4,,
Traveloka,9.4,9.6,9.1,9.6,9.2,9.2,,8.8,,
Traveloka,9.3,9.1,9.4,9.3,9.3,9.4,,8.3,,
Traveloka,9.0,8.7,9.8,9.4,10.0,8.7,,9.1,,
Traveloka,9.1,9.6,8.9,9.3,8.5,8.4,,8.3,,
Traveloka,9.4,9.2,8.7,9.4,9.6,9.4,,8.7,,
Traveloka,9.3,9.6,9.1,9.1,9.0,8.9,,8.8,,
Traveloka,8.5,8.7,9.9,8.6,9.2,8.5,,8.4,,
Traveloka,9.2,9.0,8.9,9.3,9.1,9.1,,8.9,,
Traveloka,9.1,9.2,9.6,9.7,9.0,9.3,,8.2,,
Traveloka,9.1,9.2,9.6,9.6,8.9,9.1,,9.0,,
Traveloka,9.3,9.1,8.9,9.6,9.2,9.0,,8.6,,
Traveloka,9.2,9.4,9.3,9.7,8.6,9.1,,8.4,,
Traveloka,9.0,8.9,9.6,9.3,9.3,9.0,,8.5,,
Traveloka,9.1,9.2,9.0,9.4,9.0,8.7,,8.8,,
Traveloka,8.8,9.2,9.0,9.1,8.8,8.9,,8.4,,
Traveloka,9.4,9.4,8.9,9.2,9.0,9.3,,8.4,,
Traveloka,9.4,9.4,8.8,9.5,9.5,9.2,,8.5,,
Traveloka,9.3,8.9,8.9,9.7,8.9,9.2,,8.2,,
Traveloka,8.9,8.7,8.7,9.3,9.2,8.8,,9.1,,
Traveloka,9.1,9.6,9.1,9.2,8.9,9.0,,8.4,,
Traveloka,9.0,9.3,8.9,9.3,9.3,8.4,,8.8,,
Traveloka,9.4,9.0,9.2,9.5,9.3,9.2,,8.7,,
Traveloka,9.4,9.7,8.6,8.9,9.7,9.5,,8.3,,
Traveloka,9.0,9.2,9.2,8.6,9.0,8.7,,8.6,,
Traveloka,9.2,9.6,9.4,9.1,9.3,8.9,,8.8,,
Traveloka,8.8,9.2,8.5,8.9,9.1,9.2,,8.5,,
Traveloka,9.4,9.8,9.2,9.1,9.5,9.5,,9.0,,
Traveloka,9.1,9.7,9.5,9.3,8.9,9.0,,8.9,,
Traveloka,9.1,9.1,8.7,9.2,9.3,8.9,,8.9,,
Traveloka,9.0,9.5,9.6,9.7,9.0,8.5,,8.5,,
Traveloka,9.4,9.4,9.2,9.4,9.1,9.1,,8.3,,
Traveloka,9.4,9.6,8.9,9.4,9.1,9.7,,8.4,,
Traveloka,9.2,8.9,9.1,9.5,9.2,9.2,,8.7,,
Traveloka,9.3,9.4,9.3,9.0,9.1,9.1,,8.8,,
Traveloka,9.5,9.5,9.1,9.6,9.2,9.2,,7.9,,
Traveloka,9.2,8.7,9.3,9.3,9.6,9.1,,8.6,,
Traveloka,9.0,8.8,8.8,9.5,9.4,8.9,,8.6,,
Traveloka,8.8,8.6,9.2,9.0,9.4,9.3,,8.5,,
Traveloka,8.9,9.1,8.7,8.8,9.0,9.2,,9.0,,
Traveloka,9.1,9.4,9.1,9.5,8.8,9.1,,8.7,,
Traveloka,9.4,9.7,8.8,9.4,9.4,8.8,,9.0,,
Traveloka,9.2,9.2,8.9,9.0,9.4,9.5,,8.5,,
Traveloka,9.5,9.7,9.5,9.0,9.5,9.3,,8.9,,
Traveloka,8.9,8.8,9.4,9.6,8.9,8.9,,9.1,,
Traveloka,9.0,8.7,9.3,8.9,9.0,9.4,,9.0,,
Traveloka,9.3,9.2,8.8,9.8,8.6,9.0,,8.3,,
Traveloka,9.1,9.3,9.0,9.0,9.0,8.9,,8.5,,
Traveloka,9.2,9.2,9.5,9.5,9.4,8.9,,8.5,,
Traveloka,8.8,8.6,9.1,9.2,9.0,8.6,,8.7,,
Traveloka,9.2,9.2,9.8,9.5,9.3,9.2,,8.8,,
Traveloka,8.8,8.8,9.2,9.1,9.0,8.6,,8.3,,
Traveloka,9.1,9.4,9.2,9.3,9.2,8.7,,8.6,,
Traveloka,9.1,9.3,9.0,9.3,8.8,8.5,,8.0,,
Traveloka,9.0,8.9,9.1,9.0,9.1,9.1,,9.0,,
Traveloka,8.7,9.0,9.1,9.5,8.2,9.1,,8.4,,
Traveloka,9.3,8.9,9.3,9.1,9.0,9.0,,8.6,,
Traveloka,9.0,9.2,9.4,9.2,8.6,8.8,,8.5,,
Traveloka,9.0,9.5,8.9,9.0,9.5,8.7,,8.9,,
Traveloka,8.9,8.9,8.7,8.5,9.3,9.2,,7.7,,
Traveloka,9.2,9.4,8.5,9.2,9.2,8.9,,8.6,,
Traveloka,9.7,9.0,9.3,10.0,9.6,9.2,,8.6,,
Traveloka,8.8,9.0,8.8,9.5,8.8,8.8,,8.5,,
Traveloka,9.5,9.2,8.5,9.3,9.6,9.2,,9.1,,
Traveloka,9.4,8.9,9.2,9.2,9.4,9.5,,8.3,,
Traveloka,9.0,9.0,9.8,9.3,9.0,9.3,,8.8,,
Traveloka,9.1,8.8,9.1,9.5,9.4,9.0,,8.7,,
Traveloka,9.0,9.8,9.4,8.9,8.8,9.2,,9.0,,
Traveloka,9.1,9.2,9.1,9.6,8.9,9.0,,8.4,,
Traveloka,9.1,9.0,9.1,9.5,8.9,9.1,,8.4,,
Traveloka,9.3,9.3,9.4,9.5,8.9,9.0,,8.9,,
Traveloka,9.3,9.2,9.0,9.4,8.8,9.1,,8.7,,
Traveloka,9.2,9.1,9.2,9.3,9.5,9.2,,8.1,,
Traveloka,8.9,9.4,9.2,9.5,9.0,8.8,,8.4,,
Traveloka,9.2,9.4,8.9,9.5,9.2,8.8,,8.7,,
Traveloka,9.0,9.0,9.4,9.2,8.9,8.7,,8.9,,
Traveloka,8.9,9.0,9.0,9.1,8.6,8.6,,8.4,,
Traveloka,9.0,9.1,8.9,9.3,9.2,8.7,,7.7,,
Traveloka,8.9,8.5,9.3,9.8,8.5,9.1,,8.8,,
Traveloka,9.1,8.7,8.8,8.9,9.1,8.8,,8.2,,
Traveloka,9.2,9.6,9.1,8.9,8.7,9.3,,8.0,,
Traveloka,9.4,9.7,9.1,9.3,9.7,9.1,,7.8,,
Traveloka,9.0,9.1,9.4,9.3,9.4,8.5,,8.8,,
Traveloka,9.3,9.4,9.2,9.4,9.1,9.3,,8.6,,
Traveloka,9.6,9.3,9.1,9.4,9.5,9.3,,8.5,,
Traveloka,9.2,10.0,9.3,9.2,8.8,8.8,,9.0,,
Traveloka,9.4,9.5,9.5,9.7,9.3,9.2,,8.8,,
Traveloka,8.9,9.2,9.3,8.8,9.2,8.8,,9.1,,
Traveloka,9.2,8.9,9.1,9.1,9.2,9.1,,8.2,,
Traveloka,9.3,8.7,8.7,9.3,9.5,8.7,,8.6,,
Traveloka,9.1,9.3,8.8,8.8,9.3,8.6,,8.1,,
Traveloka,9.1,9.0,9.0,9.2,9.2,9.0,,8.5,,
Traveloka,9.0,8.8,8.9,9.8,8.6,9.1,,8.5,,
Traveloka,8.7,9.0,9.0,9.3,8.8,9.0,,8.8,,
Traveloka,9.1,8.9,9.1,9.4,9.1,8.7,,8.6,,
Traveloka,9.2,9.7,9.3,8.9,9.1,9.0,,8.8,,
Traveloka,9.2,9.5,9.1,9.1,8.8,9.2,,8.8,,
Traveloka,9.2,9.2,9.2,9.2,9.8,9.1,,9.2,,
Traveloka,9.4,9.6,9.1,9.2,9.6,9.2,,8.5,,
Traveloka,9.2,9.2,8.5,9.7,9.3,8.9,,8.3,,
Traveloka,9.4,8.9,8.8,9.5,9.1,9.5,,8.7,,
Traveloka,9.1,9.7,9.1,9.0,9.0,8.7,,8.4,,
Traveloka,9.5,9.4,8.7,9.4,8.8,9.2,,9.0,,
Traveloka,9.3,8.9,9.3,9.4,9.1,9.5,,8.5,,
Traveloka,9.1,9.1,9.6,9.6,9.2,9.2,,8.4,,
Traveloka,9.0,8.9,9.5,9.8,8.7,9.0,,8.5,,
Traveloka,8.9,8.8,9.0,9.0,9.2,8.9,,8.8,,
Traveloka,8.9,9.5,9.5,9.1,9.1,9.4,,8.6,,
Traveloka,9.2,9.8,9.1,8.9,8.5,8.7,,8.4,,
Traveloka,9.0,8.8,9.0,9.2,8.8,8.8,,9.1,,
Traveloka,9.3,9.4,8.9,9.4,9.0,9.0,,8.3,,
Traveloka,9.5,9.0,9.0,9.6,9.7,9.5,,8.6,,
Traveloka,9.0,9.1,9.0,9.3,9.3,9.2,,8.8,,
Traveloka,8.8,9.0,9.2,9.2,8.7,8.8,,8.1,,
Traveloka,9.2,8.9,9.1,9.3,9.2,9.0,,8.7,,
Traveloka,8.8,9.2,9.1,9.0,8.6,8.9,,8.3,,
Traveloka,8.9,9.0,9.2,9.9,9.4,8.9,,8.8,,
Traveloka,9.1,9.3,9.5,8.8,9.0,9.4,,8.3,,
Traveloka,9.1,9.2,9.4,9.4,9.1,8.7,,8.8,,
Traveloka,9.5,9.1,8.7,9.9,9.5,9.6,,8.9,,
Traveloka,9.1,8.9,8.3,9.3,8.7,9.3,,8.9,,
Traveloka,9.1,9.0,9.4,9.2,8.7,9.4,,8.7,,
Traveloka,9.2,9.4,8.7,9.2,8.9,9.0,,8.5,,
Traveloka,9.5,9.4,9.0,9.2,9.4,9.1,,8.4,,
Traveloka,8.7,8.9,8.7,9.7,8.6,8.7,,9.0,,
Traveloka,8.8,9.2,8.6,8.6,8.3,8.9,,8.4,,
Traveloka,9.4,9.4,9.3,9.8,9.0,9.2,,8.3,,
Traveloka,8.9,8.7,9.3,8.9,9.3,9.5,,8.8,,
Traveloka,9.0,9.4,8.9,9.2,9.5,8.8,,8.4,,
Traveloka,8.9,9.0,8.3,9.2,9.0,9.0,,8.3,,
Traveloka,9.1,9.4,8.9,9.5,9.0,9.1,,8.2,,
Traveloka,9.1,9.0,9.2,8.8,9.4,8.7,,8.5,,
Traveloka,8.8,8.7,8.7,9.4,8.5,9.3,,8.6,,
Traveloka,9.0,8.7,9.2,9.9,9.0,8.9,,8.7,,
Traveloka,9.0,9.2,9.1,8.9,9.2,9.0,,8.9,,
Traveloka,9.4,9.3,9.3,9.4,9.2,9.0,,8.8,,
Traveloka,8.9,8.9,9.1,9.1,8.9,8.9,,8.5,,
Traveloka,9.2,9.4,8.8,9.4,9.1,9.1,,8.5,,
Traveloka,8.8,8.7,9.5,9.3,8.4,9.0,,8.8,,
Traveloka,9.2,9.2,9.1,9.1,8.9,9.0,,9.0,,
Traveloka,9.0,8.8,9.1,9.4,9.2,8.9,,8.6,,
Traveloka,9.4,9.0,8.8,9.8,8.8,9.2,,8.5,,
Traveloka,9.3,9.2,9.0,9.2,9.1,9.6,,8.3,,
Traveloka,9.1,8.9,8.8,9.5,9.2,9.1,,8.2,,
Traveloka,9.5,9.1,9.0,8.9,9.0,9.4,,8.8,,
Traveloka,9.0,9.5,9.6,9.0,9.2,8.7,,8.8,,
Traveloka,9.0,9.0,8.7,9.4,8.8,9.1,,8.8,,
Traveloka,9.1,9.5,8.6,9.7,9.0,8.8,,8.6,,
Traveloka,9.2,8.9,9.5,9.4,9.3,8.7,,9.0,,
Traveloka,9.4,9.4,9.0,9.2,9.1,8.9,,8.5,,
Traveloka,9.6,9.6,8.9,9.3,8.9,9.5,,8.9,,
Traveloka,9.2,8.5,9.4,8.9,9.2,9.4,,8.6,,
Traveloka,9.2,9.0,8.9,9.5,9.3,9.2,,8.4,,
Traveloka,9.0,9.4,9.6,9.6,8.5,8.6,,8.8,,
Traveloka,8.9,9.1,9.3,9.2,9.4,9.0,,8.7,,
Traveloka,9.5,9.3,9.0,9.2,9.0,9.2,,8.7,,
Traveloka,9.3,9.0,9.7,9.4,9.2,9.2,,8.6,,
Traveloka,9.1,9.2,8.9,9.2,9.5,8.5,,8.6,,
Traveloka,9.2,9.2,9.3,9.3,8.7,8.8,,9.3,,
Traveloka,9.2,9.6,9.2,9.9,8.9,9.1,,9.0,,
Traveloka,9.3,9.3,9.5,9.2,9.0,9.3,,8.8,,
Traveloka,8.9,9.3,9.6,9.2,8.9,8.4,,8.6,,
Traveloka,9.3,9.1,9.1,9.1,9.6,9.1,,8.9,,
Traveloka,9.1,9.1,8.9,9.5,8.8,9.1,,8.8,,
Traveloka,8.9,9.1,9.2,9.2,8.9,9.4,,8.6,,
Traveloka,9.2,9.3,8.9,9.1,9.2,9.3,,8.5,,
Traveloka,9.3,9.1,9.7,9.7,8.7,9.3,,8.6,,
Traveloka,9.2,9.3,9.1,9.7,9.0,8.9,,7.6,,
Traveloka,9.3,9.8,9.0,9.1,9.2,8.5,,8.7,,
Traveloka,8.9,9.5,9.2,8.7,9.0,9.0,,8.5,,
Traveloka,9.3,9.1,8.7,9.6,9.1,9.4,,9.1,,
Traveloka,9.2,9.6,8.8,9.1,8.9,9.5,,8.6,,
Traveloka,9.2,9.1,9.5,9.5,8.6,9.3,,8.2,,
Traveloka,8.9,8.6,8.9,8.7,9.2,9.2,,8.6,,
Traveloka,9.4,8.9,8.8,9.6,9.6,9.2,,8.3,,
Traveloka,9.0,8.6,9.3,8.9,9.1,8.9,,8.7,,
Traveloka,9.3,9.1,9.5,9.5,9.2,9.1,,8.7,,
Traveloka,9.4,9.2,9.3,9.3,9.3,9.6,,8.9,,
Traveloka,8.9,9.7,9.4,9.0,8.7,8.8,,8.4,,
Traveloka,9.4,9.3,8.9,9.2,9.6,9.6,,8.6,,
Traveloka,9.1,9.1,8.7,9.5,9.2,9.0,,8.2,,
Traveloka,9.4,9.4,9.6,9.3,9.6,9.5,,8.8,,
Traveloka,8.8,8.5,9.0,9.5,8.9,8.7,,8.8,,
Traveloka,9.4,9.3,9.0,9.9,9.6,9.3,,8.7,,
Traveloka,8.8,9.4,9.5,8.8,9.3,8.9,,8.6,,
Traveloka,9.0,8.8,9.3,9.8,9.3,8.7,,8.7,,
Traveloka,9.3,9.5,9.2,9.3,9.2,9.2,,9.1,,
Traveloka,9.0,9.3,9.7,9.0,9.0,9.4,,8.5,,
Traveloka,9.1,9.1,8.9,8.9,9.5,8.8,,8.6,,
Traveloka,9.4,9.4,9.4,9.2,9.1,8.7,,8.3,,
Traveloka,9.4,9.9,9.1,9.6,8.5,9.1,,8.3,,
Traveloka,9.4,9.3,9.2,9.3,8.8,9.1,,8.6,,
Traveloka,9.4,9.3,9.6,9.8,9.0,9.3,,8.9,,
Traveloka,9.3,9.1,9.3,8.9,9.2,9.4,,8.5,,
Traveloka,9.0,8.9,9.3,9.3,9.1,9.1,,8.5,,
Traveloka,9.3,9.4,9.4,8.9,9.5,9.7,,8.5,,
Traveloka,8.6,8.9,9.0,9.4,8.5,9.2,,8.4,,
Traveloka,9.4,9.2,8.8,9.6,9.1,9.0,,8.7,,
Traveloka,9.1,9.1,8.8,9.2,8.6,8.6,,8.2,,
Traveloka,9.0,9.3,8.5,8.5,9.3,9.0,,9.0,,
Traveloka,9.2,9.3,9.7,9.4,9.1,9.0,,8.4,,
Traveloka,9.3,9.5,8.8,9.4,9.2,9.4,,8.8,,
Traveloka,9.1,9.0,9.0,9.4,8.8,9.2,,8.2,,
Traveloka,9.4,9.1,9.0,9.7,9.5,8.7,,8.8,,
Traveloka,8.9,8.9,9.2,9.0,9.4,9.2,,8.8,,
Traveloka,9.4,9.1,9.3,9.5,9.3,9.3,,8.7,,
Traveloka,9.4,9.3,9.4,9.7,9.1,9.6,,8.3,,
Traveloka,9.3,9.4,8.9,8.8,9.3,9.4,,8.7,,
Traveloka,9.2,8.9,9.0,9.4,8.9,9.3,,8.2,,
Traveloka,9.3,9.5,9.2,9.1,9.4,9.1,,8.5,,
Traveloka,9.4,9.6,9.0,9.3,9.6,9.2,,8.9,,
Traveloka,9.4,9.3,9.6,9.4,9.4,9.5,,8.8,,
Traveloka,9.3,9.8,9.2,9.2,8.9,8.7,,8.6,,
Traveloka,9.1,9.0,9.3,9.1,9.2,9.0,,8.3,,
Traveloka,8.9,8.8,9.3,9.3,8.7,8.9,,8.8,,
Traveloka,8.9,8.7,9.5,9.0,9.3,9.2,,8.6,,
Traveloka,9.3,9.6,9.2,9.0,9.2,9.5,,7.9,,
Traveloka,9.2,9.4,8.7,9.5,8.5,8.9,,8.8,,
Traveloka,8.9,9.2,9.2,9.0,8.8,8.4,,8.6,,
Traveloka,9.3,9.3,8.9,9.5,9.0,9.0,,9.0,,
Traveloka,9.4,8.9,8.9,9.4,9.0,9.4,,8.3,,
Traveloka,9.3,9.9,9.3,8.8,8.7,9.3,,7.6,,
Traveloka,9.2,9.2,9.5,9.1,9.2,9.2,,8.7,,
Traveloka,9.2,9.2,9.1,9.7,9.2,9.0,,8.7,,
Traveloka,8.7,9.4,9.2,9.0,9.0,8.7,,8.1,,
Traveloka,9.1,9.3,9.6,9.2,8.9,9.3,,8.3,,
Traveloka,9.2,9.3,9.2,9.4,9.4,8.8,,9.4,,
Traveloka,9.5,9.0,9.9,9.5,9.6,9.8,,8.5,,
Traveloka,9.2,9.3,9.3,9.2,9.0,9.3,,8.8,,
Traveloka,9.1,9.8,8.6,9.1,8.9,8.9,,8.4,,
Traveloka,9.1,9.6,9.3,9.7,9.2,8.9,,8.0,,
Traveloka,9.3,9.7,9.2,9.8,9.0,9.1,,8.5,,
Traveloka,9.2,9.0,9.5,9.6,9.1,9.0,,8.5,,
Traveloka,9.5,8.9,9.3,9.3,9.3,9.4,,8.5,,
Traveloka,9.0,9.2,9.1,9.1,8.5,9.2,,8.6,,
Traveloka,9.2,9.2,8.7,9.1,9.5,8.9,,8.7,,
Traveloka,9.6,9.5,9.0,9.5,9.1,9.7,,8.6,,
Traveloka,8.9,8.7,8.8,9.4,9.0,9.1,,8.2,,
Traveloka,9.5,9.7,8.9,9.7,9.1,9.3,,8.7,,
Traveloka,9.1,9.2,9.3,9.5,9.1,8.9,,8.0,,
Traveloka,9.0,9.1,9.6,8.8,8.6,9.2,,8.0,,
Traveloka,9.3,8.9,9.2,9.6,9.5,9.2,,8.8,,
Traveloka,8.9,8.7,8.7,9.0,9.1,8.5,,8.8,,
Traveloka,9.2,9.4,9.2,9.2,9.2,9.7,,8.6,,
Traveloka,9.5,9.2,9.5,9.4,9.4,9.5,,8.2,,
Traveloka,9.4,8.8,8.9,9.9,8.8,9.0,,8.4,,
Traveloka,9.0,8.8,9.1,10.0,9.2,8.8,,8.5,,
Traveloka,9.1,9.1,9.1,9.5,9.0,9.2,,8.1,,
Traveloka,9.4,9.7,8.9,9.2,9.4,9.1,,8.4,,
Traveloka,9.2,9.1,9.3,9.5,8.5,9.2,,8.8,,
Traveloka,9.0,8.7,9.1,9.6,9.1,9.2,,9.0,,
Traveloka,8.7,9.1,9.2,9.2,8.9,9.3,,8.5,,
Traveloka,9.6,9.1,8.8,9.8,9.2,9.5,,8.8,,
Traveloka,9.2,8.4,9.0,9.4,9.2,9.3,,8.0,,
Traveloka,8.8,9.2,9.3,9.4,8.9,8.8,,8.8,,
Traveloka,9.1,9.1,9.0,9.5,8.9,9.5,,8.4,,
Traveloka,9.6,9.4,9.6,9.4,9.1,9.6,,8.7,,
Traveloka,9.7,9.8,9.0,9.6,8.8,10.0,,8.5,,
Traveloka,9.4,9.5,9.2,9.1,9.4,8.8,,9.0,,
Traveloka,9.1,9.1,9.4,9.1,9.0,9.2,,8.3,,
Traveloka,8.7,8.9,8.7,9.0,8.2,8.5,,8.8,,
Traveloka,9.4,10.0,8.6,9.4,9.0,9.3,,8.5,,
Traveloka,9.3,9.2,8.6,9.5,8.8,8.9,,8.6,,
Traveloka,9.1,9.2,9.5,9.4,8.6,9.7,,8.5,,
Traveloka,9.0,9.2,8.9,9.8,8.7,8.9,,8.3,,
Traveloka,9.2,9.3,9.9,9.3,9.1,8.6,,8.6,,
Traveloka,9.3,9.2,8.9,9.5,9.5,9.0,,8.6,,
Traveloka,9.2,9.0,9.2,9.0,9.2,8.5,,8.7,,
Traveloka,9.0,9.0,9.6,9.2,8.9,9.3,,8.6,,
Traveloka,9.1,9.2,9.7,9.5,9.2,8.5,,8.8,,
Traveloka,9.0,9.0,9.7,9.6,9.0,9.1,,8.9,,
Traveloka,8.9,9.0,9.5,9.2,8.9,8.5,,8.3,,
Traveloka,8.8,9.2,9.4,9.3,8.8,9.0,,8.9,,
Traveloka,8.9,9.1,9.3,8.8,8.6,9.6,,8.2,,
Traveloka,9.1,9.7,9.3,9.2,9.0,9.2,,8.8,,
Traveloka,9.1,8.4,8.9,9.6,9.1,8.8,,8.8,,
Traveloka,9.4,9.5,8.9,9.5,9.1,9.1,,8.0,,
Traveloka,9.0,9.6,9.1,9.5,9.0,9.1,,8.6,,
Traveloka,9.1,8.6,9.0,9.3,8.8,9.2,,8.5,,
Traveloka,9.5,9.1,9.0,9.3,9.3,8.7,,8.4,,
Traveloka,9.0,9.1,9.3,9.1,8.7,9.3,,9.0,,
Traveloka,8.9,8.8,9.4,9.5,9.3,8.3,,8.4,,
Traveloka,9.4,9.0,9.1,9.4,8.8,8.9,,8.4,,
Traveloka,8.8,8.9,9.5,9.4,8.9,9.0,,8.6,,
Traveloka,9.2,9.7,8.8,9.1,8.7,9.3,,8.8,,
Traveloka,9.1,9.5,9.0,8.7,8.9,9.1,,8.6,,
Traveloka,9.5,9.6,8.9,9.6,9.4,8.7,,8.9,,
Traveloka,9.2,9.4,8.5,9.2,9.3,8.8,,8.8,,
Traveloka,9.1,8.9,9.1,9.0,9.4,9.2,,7.9,,
Traveloka,9.1,9.0,9.1,9.5,9.3,9.1,,8.4,,
Traveloka,9.0,9.3,9.6,9.2,8.8,8.9,,8.4,,
Traveloka,8.9,8.8,9.3,9.6,9.0,9.0,,8.7,,
Traveloka,9.3,9.4,8.8,9.5,8.9,9.3,,7.8,,
Traveloka,9.2,9.1,9.7,9.5,9.5,8.9,,9.4,,
Traveloka,8.7,9.1,9.5,8.9,8.7,9.1,,8.8,,
Traveloka,9.7,9.4,9.3,9.7,9.4,9.8,,8.6,,
Traveloka,9.1,9.3,9.0,9.4,9.4,8.7,,9.0,,
Traveloka,8.9,9.1,8.8,9.2,9.6,8.5,,9.3,,
Traveloka,9.2,9.5,9.0,9.3,9.0,9.3,,8.9,,
Traveloka,9.0,8.9,9.4,8.8,9.3,8.9,,8.9,,
Traveloka,9.2,9.4,9.7,9.4,9.8,9.0,,8.6,,
Traveloka,9.1,9.4,9.6,9.0,8.9,8.9,,8.6,,
Traveloka,8.7,9.1,9.0,8.9,8.6,9.0,,8.5,,
Traveloka,9.3,9.3,8.8,8.8,8.5,9.6,,8.4,,
Traveloka,9.3,8.8,9.1,9.6,9.3,9.3,,8.4,,
Traveloka,9.1,9.5,8.6,9.1,8.5,9.4,,8.2,,
Traveloka,9.0,9.1,9.2,9.8,9.0,8.7,,8.6,,
Traveloka,9.0,9.0,9.1,9.1,9.2,8.8,,8.1,,
Traveloka,9.1,9.5,9.0,8.8,9.2,8.2,,8.7,,
Traveloka,9.0,9.0,8.6,9.0,9.2,8.9,,8.6,,
Traveloka,9.2,8.8,9.3,9.7,9.2,9.4,,8.6,,
Traveloka,9.2,8.7,8.9,9.3,9.5,9.3,,8.4,,
Traveloka,9.0,9.4,8.7,9.1,8.8,9.0,,9.5,,
Traveloka,9.0,8.8,8.2,9.3,8.9,9.1,,9.0,,
Traveloka,8.9,9.7,9.1,9.5,8.9,8.9,,8.2,,
Traveloka,9.3,8.6,9.6,9.6,9.3,9.2,,8.7,,
Traveloka,9.6,9.7,9.6,9.7,9.4,9.3,,8.4,,
Traveloka,9.0,9.3,9.0,9.2,9.2,8.6,,8.3,,
Traveloka,9.5,9.2,8.9,8.9,9.5,9.2,,8.2,,
Traveloka,9.1,9.0,9.2,9.2,8.7,9.4,,8.7,,
Traveloka,9.2,9.3,8.8,9.4,9.6,9.0,,8.4,,
Traveloka,9.4,9.2,9.2,9.0,9.6,9.3,,8.9,,
Traveloka,9.5,9.5,9.3,9.0,9.3,9.9,,8.9,,
Traveloka,9.4,9.2,9.5,9.4,9.6,9.1,,9.0,,
Traveloka,9.0,9.2,9.1,9.3,8.6,9.2,,8.3,,
Traveloka,9.1,9.1,9.0,9.3,8.9,8.9,,8.7,,
Traveloka,9.1,9.2,8.8,9.1,8.9,9.2,,8.8,,
Traveloka,9.3,9.3,8.9,9.2,9.3,9.2,,8.5,,
Traveloka,8.6,8.7,9.0,9.0,8.8,9.2,,8.4,,
Traveloka,9.1,8.8,9.2,9.6,9.3,8.8,,9.1,,
Traveloka,9.7,9.4,9.4,9.6,9.5,9.2,,8.7,,
Traveloka,9.1,9.3,8.9,8.7,9.3,9.5,,8.8,,
Traveloka,9.0,9.1,9.5,9.0,9.2,9.2,,8.4,,
Traveloka,9.0,9.2,9.0,8.9,8.8,9.4,,8.2,,
Traveloka,8.9,9.3,9.1,9.1,8.8,9.0,,8.4,,
Traveloka,8.9,9.0,8.9,9.3,9.5,9.3,,8.6,,
Traveloka,9.1,9.0,8.4,8.9,9.3,9.2,,8.3,,
Traveloka,9.1,9.3,9.4,9.0,9.1,8.8,,8.6,,
Traveloka,9.0,8.9,9.3,9.0,9.0,9.2,,8.1,,
Traveloka,9.0,9.3,9.0,9.4,8.5,8.8,,8.3,,
Traveloka,8.9,8.7,9.1,9.3,8.8,8.9,,8.8,,
Traveloka,9.6,9.5,9.3,9.1,9.7,9.2,,8.8,,
Traveloka,9.1,9.3,8.6,9.4,8.7,9.2,,8.5,,
Traveloka,9.0,9.3,8.9,9.1,9.2,8.7,,8.3,,
Traveloka,9.3,9.5,9.3,9.2,9.4,9.4,,8.3,,
Traveloka,9.4,9.7,8.7,9.8,8.7,9.3,,8.5,,
Traveloka,9.5,9.5,9.2,9.7,9.2,8.9,,8.8,,
Traveloka,8.8,8.6,8.7,8.9,9.4,8.6,,8.9,,
Traveloka,9.1,8.8,9.2,9.5,9.1,9.1,,8.5,,
Traveloka,9.4,9.0,9.1,9.5,10.0,9.0,,8.3,,
Traveloka,8.8,9.2,8.6,9.0,8.6,9.1,,8.7,,
Traveloka,9.3,9.4,9.4,9.5,9.4,9.0,,8.4,,
Traveloka,8.8,9.0,8.9,9.8,9.0,8.5,,8.4,,
Traveloka,8.9,9.3,8.9,9.0,9.3,9.0,,9.0,,
Traveloka,9.1,9.0,9.2,9.0,9.2,9.0,,8.8,,
Traveloka,9.1,9.0,9.4,9.6,8.9,9.3,,8.6,,
Traveloka,9.1,8.8,8.8,9.4,9.2,8.9,,8.2,,
Traveloka,9.1,8.9,9.1,9.5,8.5,9.6,,8.7,,
Traveloka,8.9,8.8,9.2,9.4,9.3,8.5,,8.9,,
Traveloka,9.2,8.9,9.3,9.4,9.2,9.5,,8.5,,
Traveloka,9.0,9.5,9.2,8.9,9.3,9.0,,9.0,,
Traveloka,9.5,8.9,9.0,9.6,9.4,9.4,,9.0,,
Traveloka,9.3,10.0,8.9,9.7,9.2,9.1,,9.1,,
Traveloka,9.2,9.3,9.1,9.2,9.1,9.4,,8.7,,
Traveloka,8.9,9.3,8.8,9.3,8.8,9.0,,8.8,,
Traveloka,8.9,8.9,8.2,8.8,8.9,8.8,,9.0,,
Traveloka,9.4,9.4,9.2,9.5,9.5,9.5,,8.7,,
Traveloka,9.2,9.0,9.4,9.5,9.5,9.1,,8.4,,
Traveloka,9.3,9.2,8.4,9.3,9.0,9.2,,8.5,,
Traveloka,9.6,10.0,8.8,9.6,9.1,9.5,,8.7,,
Traveloka,9.1,9.2,9.3,9.2,8.8,8.8,,8.2,,
Traveloka,9.3,9.5,9.7,9.5,9.5,9.3,,8.6,,
Traveloka,8.9,9.0,9.1,9.0,9.3,8.9,,8.9,,
Traveloka,9.4,9.2,8.9,9.3,9.7,9.1,,7.9,,
Traveloka,9.2,9.7,9.0,9.2,8.8,9.1,,9.1,,
Traveloka,9.1,9.0,9.5,9.4,9.0,8.6,,8.9,,
Traveloka,9.3,9.7,8.9,9.2,9.2,8.9,,8.5,,
Traveloka,9.4,9.4,8.9,9.3,9.3,9.5,,8.8,,
Traveloka,9.0,9.0,9.0,9.5,9.0,9.4,,8.6,,
Traveloka,9.4,9.4,8.8,9.2,8.8,9.1,,9.0,,
Traveloka,9.2,9.5,9.1,8.8,9.4,9.2,,8.9,,
Traveloka,9.5,9.4,9.6,9.8,9.3,9.0,,8.2,,
Traveloka,9.0,8.7,9.2,9.7,8.8,9.5,,8.8,,
Traveloka,9.2,9.0,9.0,8.9,9.5,9.0,,8.5,,
Traveloka,9.1,9.1,9.0,9.5,9.5,9.2,,8.6,,
Traveloka,9.3,9.2,8.6,9.1,9.1,9.4,,8.4,,
Traveloka,9.2,9.4,9.4,9.4,9.1,8.9,,9.1,,
Traveloka,9.4,9.3,9.1,9.4,9.3,9.6,,8.9,,
Traveloka,8.9,8.8,9.0,9.2,8.8,8.6,,8.4,,
Traveloka,9.1,9.3,10.0,9.1,9.1,9.6,,8.2,,
Traveloka,8.9,9.4,9.2,9.1,8.5,9.0,,8.5,,
Traveloka,9.3,9.4,8.9,9.0,9.4,9.0,,8.7,,
Traveloka,9.3,9.5,9.0,9.1,8.6,8.5,,8.7,,
Traveloka,9.4,9.5,9.4,9.3,9.6,9.0,,9.0,,
Traveloka,9.1,9.3,9.1,9.1,9.0,8.8,,8.8,,
Traveloka,9.1,9.2,8.7,9.5,9.0,8.9,,8.9,,
Traveloka,9.4,8.7,9.4,9.7,8.9,9.1,,8.7,,
Traveloka,8.9,9.3,8.9,9.1,9.0,9.4,,8.2,,
Traveloka,9.4,9.3,9.7,9.4,9.5,9.2,,8.5,,
Traveloka,8.8,9.3,9.4,9.4,8.4,9.2,,8.9,,
Traveloka,8.8,8.8,9.0,9.4,9.5,8.8,,8.6,,
Traveloka,9.1,8.9,9.5,9.3,9.2,8.8,,8.8,,
Traveloka,9.3,9.5,9.1,9.5,8.7,9.6,,8.5,,
Traveloka,9.0,9.2,9.4,9.4,8.8,8.9,,8.3,,
Traveloka,9.4,9.4,9.2,8.9,9.6,9.6,,8.6,,
Traveloka,9.6,9.2,8.8,9.6,8.8,9.0,,8.7,,
Traveloka,9.1,9.2,8.9,9.6,8.8,9.1,,8.4,,
Traveloka,9.4,9.5,9.4,9.1,9.4,9.4,,8.5,,
Traveloka,9.1,9.0,9.0,9.3,9.2,9.5,,8.3,,
Traveloka,9.2,9.2,9.0,9.5,8.8,9.1,,8.9,,
Traveloka,9.1,9.1,8.8,9.2,9.2,9.0,,8.5,,
Traveloka,9.1,9.1,9.2,9.6,8.8,9.1,,9.0,,
Traveloka,9.7,9.1,9.7,10.0,9.4,9.2,,9.1,,
Traveloka,9.5,9.3,8.8,9.1,9.4,9.4,,8.6,,
Traveloka,9.1,9.1,9.1,8.9,9.3,9.1,,8.3,,
Traveloka,9.0,9.6,9.5,9.4,9.2,9.3,,8.0,,
Traveloka,9.3,8.9,9.1,9.5,9.6,9.6,,8.2,,
Traveloka,9.5,9.1,9.2,9.2,9.1,9.2,,8.2,,
Traveloka,9.1,9.1,8.8,9.7,8.7,9.2,,9.0,,
Traveloka,9.3,9.6,9.2,8.9,9.2,8.6,,8.6,,
Traveloka,9.4,9.3,9.0,9.5,9.7,8.3,,8.7,,
Traveloka,9.2,9.5,9.4,9.1,8.8,9.2,,7.9,,
Traveloka,9.0,8.8,9.5,9.8,9.0,9.1,,8.2,,
Traveloka,9.0,9.3,9.9,9.9,9.2,8.9,,8.9,,
Traveloka,9.3,9.5,9.3,9.1,9.1,9.2,,8.7,,
Traveloka,8.9,9.2,9.2,9.1,8.8,9.1,,8.6,,
Traveloka,9.5,9.5,9.2,9.6,9.4,9.4,,8.8,,
Traveloka,9.1,9.0,9.0,9.2,9.8,9.1,,9.1,,
Traveloka,9.2,9.6,9.2,9.3,9.2,8.9,,8.5,,
Traveloka,9.4,9.9,9.0,9.3,8.8,9.4,,8.6,,
Traveloka,8.9,9.1,9.2,8.7,8.6,9.0,,8.7,,
Traveloka,9.0,9.1,9.5,9.3,9.2,9.3,,9.3,,
Traveloka,9.5,9.6,8.8,9.1,9.4,9.0,,8.0,,
Traveloka,9.2,9.7,9.4,9.2,9.2,8.9,,8.8,,
Traveloka,9.0,9.0,9.5,9.7,9.1,9.1,,8.6,,
Traveloka,9.0,9.1,9.1,8.9,8.9,9.1,,8.8,,
Traveloka,9.1,9.1,8.5,9.5,8.8,9.2,,8.4,,
Traveloka,9.1,8.8,8.9,9.2,9.4,9.0,,8.6,,
Traveloka,9.2,8.9,9.5,9.2,9.4,8.5,,8.8,,
Traveloka,8.9,8.9,9.1,9.5,8.6,9.0,,9.5,,
Booking.com,9.3,9.0,9.0,9.2,9.8,8.9,9.2,,7.2,
Booking.com,9.0,8.7,8.4,9.2,9.7,8.6,9.0,,8.0,
Booking.com,9.3,9.2,9.0,9.3,8.8,8.8,8.9,,7.2,
Booking.com,8.9,9.1,9.4,9.5,9.0,8.3,8.9,,7.6,
Booking.com,9.0,8.9,8.9,9.0,8.6,9.0,9.0,,7.5,
Booking.com,9.0,8.4,9.1,9.3,9.1,9.3,8.9,,7.4,
Booking.com,9.5,9.4,8.9,9.4,9.5,9.6,9.2,,7.9,
Booking.com,8.6,8.6,9.2,9.1,9.2,8.8,8.9,,7.3,
Booking.com,8.9,8.8,9.0,9.9,9.4,9.0,9.5,,7.1,
Booking.com,8.9,9.1,8.8,9.1,8.8,8.3,9.4,,7.5,
Booking.com,9.1,8.6,9.5,9.2,9.5,9.3,8.7,,7.4,
Booking.com,8.8,8.6,9.4,9.1,9.1,9.0,9.0,,8.5,
Booking.com,8.9,8.4,8.9,9.9,9.3,8.7,8.8,,7.7,
Booking.com,9.4,9.2,9.2,9.6,9.3,9.2,8.9,,7.4,
Booking.com,9.0,8.8,9.3,9.1,8.9,8.7,9.6,,7.2,
Booking.com,9.3,9.9,9.3,9.7,9.0,8.7,8.9,,7.0,
Booking.com,9.3,8.7,8.6,9.5,9.6,8.9,9.1,,7.2,
Booking.com,8.9,8.7,9.4,9.5,9.4,8.5,9.2,,7.5,
Booking.com,9.1,8.8,8.9,9.3,9.6,9.1,8.7,,7.9,
Booking.com,9.3,9.1,9.0,9.2,9.4,8.5,8.7,,7.8,
Booking.com,9.0,8.9,9.9,9.5,9.3,8.5,8.6,,7.6,
Booking.com,8.9,9.2,9.2,9.2,8.8,8.5,8.7,,7.4,
Booking.com,9.4,8.7,9.0,9.9,9.2,9.0,8.1,,7.6,
Booking.com,8.7,8.6,8.4,9.0,9.3,8.6,9.2,,7.3,
Booking.com,9.3,8.5,9.5,9.9,9.9,8.4,9.6,,8.0,
Booking.com,9.2,8.3,8.7,9.4,9.5,8.6,9.0,,7.4,
Booking.com,9.1,8.8,8.8,9.5,9.8,8.8,8.6,,7.5,
Booking.com,9.2,8.9,9.0,9.6,9.5,8.4,8.8,,7.0,
Booking.com,8.8,8.8,9.5,9.2,9.1,8.5,8.9,,7.4,
Booking.com,9.3,9.4,9.3,9.7,9.3,9.4,8.7,,7.8,
Booking.com,9.1,9.4,9.1,8.6,9.4,8.5,9.3,,7.2,
Booking.com,9.1,8.9,9.2,9.2,9.0,8.7,9.2,,7.3,
Booking.com,9.0,8.5,8.9,9.1,9.2,8.7,8.7,,7.7,
Booking.com,9.2,8.8,9.1,9.0,9.2,8.7,9.2,,7.1,
Booking.com,9.2,8.8,9.1,9.3,9.8,9.0,9.5,,7.8,
Booking.com,9.2,8.8,9.4,9.5,8.7,9.1,9.6,,7.3,
Booking.com,9.2,8.8,9.4,9.6,9.7,8.7,9.9,,7.4,
Booking.com,9.0,8.8,9.2,9.5,9.0,8.4,8.7,,7.2,
Booking.com,9.1,8.9,9.0,9.2,8.9,9.2,9.8,,7.6,
Booking.com,9.2,8.8,9.3,9.5,9.7,8.8,8.9,,8.2,
Booking.com,9.3,9.1,9.1,9.4,9.5,9.3,8.8,,7.7,
Booking.com,8.9,9.1,8.8,9.7,9.7,8.1,9.1,,7.2,
Booking.com,9.0,8.7,9.0,9.6,9.5,8.9,8.8,,7.8,
Booking.com,9.5,9.4,9.1,9.4,9.9,9.4,9.1,,7.4,
Booking.com,8.7,8.7,9.4,9.1,9.5,8.7,8.6,,7.9,
Booking.com,9.0,8.5,9.0,9.2,9.3,8.7,8.9,,7.7,
Booking.com,9.3,9.1,8.7,9.2,9.4,8.9,9.4,,7.0,
Booking.com,9.2,8.8,9.1,9.3,9.7,8.6,9.0,,7.2,
Booking.com,8.9,9.1,9.1,9.5,9.1,8.7,9.0,,7.8,
Booking.com,9.1,8.3,9.2,9.6,9.1,8.7,9.1,,7.5,
Booking.com,9.5,9.4,9.4,9.4,9.2,8.6,9.4,,7.2,
Booking.com,9.1,9.2,9.4,9.4,8.7,9.2,8.5,,7.3,
Booking.com,9.1,8.5,8.9,9.4,9.3,8.9,9.2,,7.0,
Booking.com,8.9,8.6,8.9,9.2,8.7,8.9,8.9,,7.5,
Booking.com,9.3,9.5,8.8,9.1,9.3,9.0,9.0,,8.2,
Booking.com,9.0,8.8,9.3,8.9,9.6,8.7,9.3,,7.7,
Booking.com,8.9,8.7,9.5,9.2,9.2,8.6,8.6,,8.2,
Booking.com,9.2,8.3,9.0,9.5,9.8,8.6,8.7,,7.8,
Booking.com,9.2,8.9,9.0,9.2,8.9,8.8,8.4,,7.8,
Booking.com,8.9,8.9,9.5,9.3,9.7,8.5,8.8,,8.1,
Booking.com,9.2,9.2,9.3,9.5,9.5,8.6,9.4,,7.6,
Booking.com,8.7,8.6,9.2,9.6,8.8,8.6,9.0,,7.4,
Booking.com,9.4,8.5,8.7,9.1,10.0,9.4,8.6,,7.8,
Booking.com,8.9,9.1,9.3,9.7,9.3,8.0,8.9,,7.9,
Booking.com,8.9,9.3,8.8,9.7,9.0,8.7,8.6,,7.4,
Booking.com,9.0,8.5,8.8,9.1,8.9,9.3,8.7,,7.3,
Booking.com,9.4,9.3,9.0,9.2,9.2,8.8,9.1,,7.5,
Booking.com,9.3,9.0,8.9,9.8,9.3,9.0,8.6,,7.7,
Booking.com,9.3,9.3,9.0,9.4,9.3,8.8,9.3,,7.7,
Booking.com,9.0,9.0,8.7,8.7,9.2,8.6,9.0,,7.1,
Booking.com,9.0,8.2,9.4,9.0,9.5,8.1,9.0,,8.1,
Booking.com,8.9,9.0,9.4,9.3,9.2,8.9,8.9,,7.3,
Booking.com,8.9,9.3,8.5,9.1,8.7,8.6,9.2,,7.4,
Booking.com,8.9,8.7,9.4,9.3,9.3,8.6,9.2,,7.2,
Booking.com,8.7,8.9,8.9,9.4,8.6,8.7,9.1,,8.3,
Booking.com,9.3,8.9,9.4,9.8,9.4,9.3,9.2,,7.6,
Booking.com,9.1,8.1,9.1,9.3,9.0,9.5,8.9,,7.2,
Booking.com,9.4,9.5,9.1,9.7,9.3,8.9,9.2,,7.8,
Booking.com,9.3,8.7,9.0,9.8,9.7,8.7,8.9,,7.7,
Booking.com,9.1,9.2,9.5,9.8,9.0,8.4,9.0,,7.4,
Booking.com,9.3,9.0,8.7,9.5,9.6,8.9,8.9,,7.8,
Booking.com,9.0,9.4,9.3,8.8,9.2,9.3,8.9,,7.3,
Booking.com,9.2,9.1,9.4,9.5,9.8,8.7,8.8,,7.4,
Booking.com,9.0,8.9,9.3,9.7,9.2,8.1,9.1,,7.0,
Booking.com,9.1,8.7,9.8,9.4,9.0,9.0,9.4,,7.1,
Booking.com,9.5,9.2,8.9,9.9,9.5,9.1,9.4,,8.0,
Booking.com,8.8,8.4,9.4,9.7,9.2,8.3,8.6,,8.0,
Booking.com,9.1,9.2,9.1,9.6,9.0,8.9,9.4,,7.5,
Booking.com,9.6,8.7,9.5,9.7,9.2,8.9,8.9,,8.0,
Booking.com,9.4,9.4,9.1,9.5,9.3,8.8,9.2,,7.5,
Booking.com,9.1,9.0,9.0,8.7,9.7,8.6,8.7,,7.4,
Booking.com,9.0,9.2,9.5,9.3,8.7,9.1,9.0,,7.5,
Booking.com,9.1,9.0,9.0,9.8,9.3,8.7,9.1,,7.5,
Booking.com,8.9,8.5,8.7,9.2,9.5,8.4,8.6,,7.4,
Booking.com,9.0,8.7,8.9,9.3,9.4,8.2,9.2,,7.8,
Booking.com,9.0,9.2,9.3,9.1,9.7,9.2,9.4,,7.5,
Booking.com,9.0,9.0,9.5,9.9,9.3,9.0,8.9,,7.7,
Booking.com,9.2,9.4,9.1,9.9,9.2,8.8,9.4,,7.8,
Booking.com,9.1,9.1,9.5,9.1,9.5,8.7,8.9,,7.6,
Booking.com,9.0,8.7,8.7,9.4,9.3,8.6,9.3,,7.2,
Booking.com,9.1,8.8,9.0,9.2,9.2,8.5,8.3,,7.1,
Booking.com,9.0,9.0,9.0,9.6,9.5,8.7,9.7,,7.5,
Booking.com,8.7,8.3,9.1,9.6,9.1,8.2,9.4,,7.4,
Booking.com,9.4,9.5,9.1,9.6,9.1,8.6,8.9,,7.5,
Booking.com,9.0,9.1,9.3,9.5,9.1,8.7,8.4,,7.5,
Booking.com,9.6,9.4,9.0,10.0,9.7,9.0,9.1,,8.3,
Booking.com,8.9,8.5,9.1,9.1,8.3,8.8,8.6,,7.1,
Booking.com,9.1,9.4,9.1,8.9,9.4,9.0,9.1,,7.0,
Booking.com,9.3,9.7,8.8,9.3,9.3,9.2,9.1,,7.6,
Booking.com,8.8,8.6,9.1,8.9,8.8,9.1,8.7,,7.4,
Booking.com,8.9,9.2,9.1,9.0,9.4,8.9,9.3,,7.6,
Booking.com,9.1,9.0,9.1,9.1,9.4,8.8,9.2,,7.7,
Booking.com,9.1,8.5,9.1,9.1,9.5,8.5,9.3,,7.9,
Booking.com,9.0,9.1,9.1,9.1,8.5,9.0,9.0,,7.0,
Booking.com,9.5,9.3,9.0,9.6,9.7,9.3,8.6,,7.3,
Booking.com,9.0,8.8,9.5,9.2,9.1,8.9,9.3,,7.6,
Booking.com,9.2,9.3,8.7,9.3,9.5,9.4,8.9,,7.7,
Booking.com,9.2,8.5,8.9,9.7,9.5,8.3,8.6,,8.2,
Booking.com,8.8,8.6,9.9,9.2,9.0,8.5,9.4,,7.8,
Booking.com,9.3,9.0,8.8,9.3,9.5,9.1,9.6,,7.5,
Booking.com,9.2,9.0,8.7,9.5,9.2,8.9,9.0,,7.2,
Booking.com,9.2,8.8,9.3,8.8,8.7,9.2,9.6,,7.3,
Booking.com,9.3,9.2,8.5,8.7,9.7,8.8,9.0,,7.3,
Booking.com,8.9,9.2,9.0,9.5,9.1,8.5,8.9,,7.7,
Booking.com,8.9,9.3,9.7,9.5,9.0,8.7,8.8,,7.6,
Booking.com,9.2,9.0,8.6,10.0,9.2,8.3,9.5,,7.1,
Booking.com,9.1,9.2,8.5,9.4,9.4,8.5,8.8,,7.4,
Booking.com,9.1,8.9,8.7,9.6,9.3,9.1,9.2,,7.8,
Booking.com,9.5,9.6,9.4,9.3,9.5,9.1,8.8,,7.6,
Booking.com,9.0,8.8,9.4,9.5,8.9,8.9,8.9,,7.7,
Booking.com,9.3,9.6,8.9,9.9,9.1,8.3,9.3,,7.6,
Booking.com,9.1,9.0,9.3,8.8,9.3,8.7,8.9,,8.0,
Booking.com,9.0,8.6,9.5,9.5,9.9,8.4,8.9,,7.6,
Booking.com,9.7,9.4,9.6,10.0,9.3,9.2,9.3,,7.4,
Booking.com,9.1,9.0,9.0,9.5,9.6,8.6,9.5,,7.2,
Booking.com,9.3,9.3,8.4,9.9,9.3,8.5,9.2,,7.6,
Booking.com,9.3,9.4,8.9,9.2,9.2,8.8,8.8,,7.0,
Booking.com,8.8,9.1,9.0,9.4,9.2,8.6,8.8,,7.4,
Booking.com,9.1,8.8,9.0,9.4,9.2,9.2,9.0,,7.4,
Booking.com,9.2,9.3,9.0,8.7,9.5,8.6,9.1,,7.1,
Booking.com,9.2,9.0,9.4,9.0,9.7,8.4,8.7,,7.2,
Booking.com,9.0,9.2,9.5,9.1,9.4,8.2,9.2,,7.7,
Booking.com,9.0,8.4,9.0,9.6,9.7,8.8,9.0,,7.6,
Booking.com,9.2,9.1,9.4,9.7,9.0,8.6,8.5,,7.5,
Booking.com,9.1,8.8,9.2,9.5,9.2,8.4,8.7,,7.6,
Booking.com,9.1,9.5,9.1,9.6,9.1,9.2,8.8,,7.5,
Booking.com,9.0,9.2,9.4,9.4,9.4,9.0,9.0,,7.9,
Booking.com,9.3,9.1,9.1,9.8,9.2,8.8,9.6,,7.5,
Booking.com,9.4,9.1,9.7,9.4,9.5,9.2,9.1,,7.1,
Booking.com,8.9,8.7,8.7,9.4,9.0,9.0,8.7,,8.0,
Booking.com,9.3,9.5,8.9,9.3,9.3,8.6,9.1,,7.6,
Booking.com,9.2,9.6,9.1,9.6,9.5,8.5,8.9,,7.3,
Booking.com,8.7,9.1,9.2,9.3,8.7,9.0,9.1,,7.1,
Booking.com,9.4,9.5,9.5,9.7,9.9,8.9,9.2,,7.6,
Booking.com,9.0,8.8,9.1,9.1,9.2,8.9,9.4,,7.5,
Booking.com,8.8,8.8,8.7,9.1,8.7,8.5,9.0,,8.0,
Booking.com,9.1,9.0,9.4,9.6,9.3,9.0,9.5,,7.4,
Booking.com,8.9,9.1,9.3,9.4,9.3,8.6,9.3,,7.2,
Booking.com,9.0,8.9,8.5,9.3,9.3,8.8,8.8,,7.8,
Booking.com,9.6,9.2,9.1,9.7,9.6,9.2,9.7,,7.8,
Booking.com,9.3,9.1,8.6,9.2,9.5,8.6,9.1,,7.6,
Booking.com,9.1,8.7,8.9,9.3,9.4,8.3,8.7,,7.7,
Booking.com,9.1,9.2,8.8,9.8,9.4,8.5,9.5,,7.5,
Booking.com,9.2,9.3,9.3,9.9,9.3,9.1,9.6,,7.6,
Booking.com,9.5,9.1,9.1,9.9,9.8,8.9,9.0,,7.8,
Booking.com,9.1,9.3,8.7,9.3,8.9,8.8,8.8,,7.7,
Booking.com,9.1,8.6,9.4,9.8,9.3,8.6,8.9,,7.4,
Booking.com,8.8,9.1,8.7,9.1,9.3,8.9,9.2,,7.9,
Booking.com,8.9,8.6,9.2,9.1,9.5,8.5,9.4,,7.0,
Booking.com,8.9,8.7,8.9,8.7,9.0,8.9,9.2,,8.1,
Booking.com,9.1,8.8,9.0,9.9,8.8,8.6,9.0,,7.0,
Booking.com,9.1,8.7,9.3,9.1,9.3,8.5,9.4,,7.3,
Booking.com,9.1,8.8,9.3,9.4,9.4,8.6,8.9,,7.5,
Booking.com,9.2,8.9,9.5,9.1,9.7,8.7,9.3,,7.5,
Booking.com,9.1,9.3,9.1,9.6,8.9,8.8,8.9,,7.8,
Booking.com,9.3,8.9,9.2,9.3,9.6,8.9,9.1,,7.2,
Booking.com,8.9,8.5,9.0,9.0,10.0,7.7,9.0,,7.6,
Booking.com,9.2,9.3,9.2,9.5,9.2,8.6,9.0,,7.3,
Booking.com,8.8,8.7,9.2,9.0,8.9,8.7,8.9,,7.6,
Booking.com,9.2,9.0,9.1,9.1,9.2,9.3,9.4,,7.5,
Booking.com,9.0,9.1,8.6,8.8,9.3,8.5,8.8,,7.5,
Booking.com,9.1,9.1,9.2,9.0,9.5,8.8,8.8,,7.3,
Booking.com,9.4,9.3,9.2,9.5,9.1,9.2,9.6,,7.3,
Booking.com,9.3,9.1,8.9,8.8,9.8,8.4,9.3,,7.6,
Booking.com,8.9,8.7,8.7,9.0,9.0,8.9,8.3,,7.8,
Booking.com,9.0,9.7,9.5,9.4,8.8,8.6,8.8,,7.3,
Booking.com,9.2,9.1,9.2,9.2,9.6,8.6,8.5,,7.2,
Booking.com,8.8,9.0,9.0,10.0,8.6,8.6,8.7,,7.7,
Booking.com,9.0,9.3,8.8,10.0,9.2,8.6,8.1,,7.5,
Booking.com,9.5,9.1,8.9,9.1,10.0,9.6,9.0,,7.7,
Booking.com,9.3,9.1,9.5,9.6,9.3,9.1,8.7,,7.2,
Booking.com,9.1,9.7,9.1,9.6,9.0,9.1,9.0,,7.0,
Booking.com,9.0,8.9,8.9,9.2,9.3,8.9,8.5,,7.3,
Booking.com,8.8,8.9,9.3,9.0,9.3,8.3,9.0,,7.3,
Booking.com,9.1,9.0,8.9,9.4,9.3,8.9,8.9,,7.5,
Booking.com,9.5,9.3,9.6,9.3,9.5,9.1,9.5,,7.3,
Booking.com,9.0,8.5,9.5,9.3,9.0,8.5,9.4,,7.7,
Booking.com,9.2,8.4,9.0,9.5,9.8,9.1,9.2,,7.4,
Booking.com,9.0,8.8,8.9,9.2,9.4,9.0,8.9,,7.5,
Booking.com,9.0,8.5,8.3,9.1,9.5,9.4,9.6,,7.5,
Booking.com,9.2,8.9,8.7,9.4,9.1,8.7,8.5,,7.6,
Booking.com,9.3,9.2,8.7,9.5,9.7,8.5,8.6,,7.5,
Booking.com,8.8,8.7,9.1,9.0,9.2,8.7,9.0,,7.7,
Booking.com,9.4,8.6,9.0,9.7,9.4,9.2,9.7,,7.3,
Booking.com,8.8,9.0,8.7,8.9,9.0,8.3,8.9,,7.9,
Booking.com,8.9,9.3,9.0,9.2,9.0,8.2,8.9,,7.4,
Booking.com,9.0,8.5,9.3,9.3,9.5,8.8,8.6,,7.1,
Booking.com,9.0,9.2,9.3,9.2,9.2,8.7,9.3,,7.6,
Booking.com,9.0,9.2,8.5,9.2,9.0,8.8,9.3,,7.2,
Booking.com,9.4,9.3,9.1,10.0,9.1,9.1,9.2,,7.7,
Booking.com,9.1,9.4,8.7,9.1,9.5,8.6,8.8,,8.2,
Booking.com,9.3,9.7,9.4,10.0,9.1,8.2,8.8,,7.3,
Booking.com,9.5,8.9,9.3,9.5,9.3,9.4,8.6,,7.6,
Booking.com,8.9,9.0,8.8,9.4,9.3,8.5,9.0,,7.0,
Booking.com,8.6,8.9,8.9,9.5,8.7,8.5,8.7,,7.6,
Booking.com,8.9,9.0,9.0,10.0,8.9,9.1,8.6,,7.2,
Booking.com,9.2,9.5,8.4,9.1,9.4,8.7,8.9,,7.3,
Booking.com,8.8,8.6,9.2,9.1,9.1,8.8,8.9,,7.2,
Booking.com,9.1,8.7,9.0,9.2,9.6,8.9,8.8,,7.7,
Booking.com,9.4,9.4,9.4,9.4,9.6,9.1,9.1,,7.8,
Booking.com,8.9,9.3,8.8,8.9,9.5,8.7,9.0,,7.5,
Booking.com,9.0,8.9,8.9,9.4,9.8,9.3,8.9,,7.2,
Booking.com,9.2,9.3,8.6,9.9,9.3,8.2,9.1,,8.0,
Booking.com,9.2,9.1,8.8,9.4,9.5,9.0,8.7,,7.3,
Booking.com,9.0,9.5,8.7,9.3,9.1,8.5,9.0,,7.0,
Booking.com,9.1,9.0,9.4,9.2,10.0,9.2,9.0,,7.6,
Booking.com,9.4,9.3,8.9,9.7,9.9,8.8,8.5,,7.2,
Booking.com,9.5,9.8,9.1,9.2,9.3,8.6,9.3,,7.8,
Booking.com,9.4,9.2,9.0,10.0,9.4,9.0,8.7,,7.4,
Booking.com,9.3,9.0,8.7,10.0,9.7,9.1,9.0,,7.7,
Booking.com,9.3,9.2,9.0,9.5,9.3,9.0,9.3,,7.9,
Booking.com,8.8,8.9,9.3,9.4,9.1,8.5,9.3,,7.1,
Booking.com,9.6,9.7,8.7,9.7,9.6,8.7,9.0,,7.3,
Booking.com,9.2,9.1,9.3,9.7,9.3,8.8,8.9,,7.5,
Booking.com,8.8,8.9,8.8,9.2,9.4,8.8,9.3,,8.0,
Booking.com,8.9,8.7,9.0,9.2,9.0,9.0,9.2,,7.3,
Booking.com,8.9,9.3,9.3,9.0,8.8,8.2,8.8,,7.3,
Booking.com,9.2,9.3,8.9,9.5,9.4,8.9,8.8,,7.6,
Booking.com,9.1,8.9,9.1,9.6,9.6,8.7,8.4,,7.3,
Booking.com,8.8,9.2,9.0,9.0,9.2,8.5,9.0,,7.5,
Booking.com,9.1,8.5,9.1,9.3,9.7,8.6,9.0,,7.0,
Booking.com,8.9,9.1,8.4,9.0,9.1,8.7,9.3,,8.2,
Booking.com,8.5,9.1,8.6,9.1,9.0,7.7,9.1,,7.1,
Booking.com,9.2,9.5,9.3,9.6,9.3,8.6,9.4,,7.4,
Booking.com,9.1,8.8,9.4,9.2,9.3,8.5,8.8,,7.5,
Booking.com,9.1,8.6,8.8,9.3,9.5,9.0,9.3,,8.1,
Booking.com,9.1,8.7,9.0,8.9,9.1,8.6,8.8,,7.1,
Booking.com,9.2,8.6,9.2,9.5,9.7,8.7,9.2,,8.1,
Booking.com,9.5,9.4,9.3,9.4,9.9,9.3,8.6,,7.7,
Booking.com,9.3,9.5,8.5,9.2,9.3,9.1,9.1,,7.6,
Booking.com,9.2,9.1,8.8,9.3,9.7,9.1,8.4,,7.2,
Booking.com,9.1,9.4,9.0,9.5,9.0,8.7,8.9,,7.7,
Booking.com,9.2,9.0,9.3,9.2,9.6,9.0,9.1,,7.3,
Booking.com,9.1,9.0,9.8,9.0,9.6,8.7,8.8,,7.9,
Booking.com,9.1,8.9,9.0,9.9,9.6,8.7,8.7,,7.2,
Booking.com,8.9,8.9,8.7,9.2,9.3,8.9,9.3,,7.5,
Booking.com,8.6,8.5,9.2,9.4,8.4,8.6,9.0,,7.3,
Booking.com,9.5,9.1,9.5,9.7,9.1,9.2,8.9,,7.2,
Booking.com,9.3,9.0,9.1,10.0,9.1,8.8,9.0,,7.7,
Booking.com,9.2,9.2,8.8,9.0,9.0,9.0,9.8,,7.7,
Booking.com,9.1,9.0,9.4,9.5,9.3,9.2,9.3,,7.9,
Booking.com,9.2,9.0,9.3,9.2,9.2,9.1,9.3,,7.0,
Booking.com,8.9,8.7,8.8,9.2,9.1,8.4,9.1,,7.8,
Booking.com,9.1,9.0,9.2,9.2,9.0,8.9,9.0,,8.3,
Booking.com,8.9,9.2,9.4,9.1,9.1,9.1,8.3,,7.4,
Booking.com,9.2,8.7,9.5,9.4,9.6,9.1,8.8,,8.1,
Booking.com,8.9,9.0,9.1,9.0,9.1,8.5,8.9,,7.4,
Booking.com,8.9,9.1,9.0,9.7,9.1,8.6,8.4,,7.1,
Booking.com,9.2,8.8,9.5,9.4,9.2,9.1,8.7,,7.4,
Booking.com,8.8,8.8,8.7,9.5,9.4,8.6,8.4,,7.8,
Booking.com,9.2,9.1,9.2,9.3,9.4,8.7,9.0,,7.2,
Booking.com,9.0,8.7,8.7,9.3,8.4,9.3,9.2,,7.3,
Booking.com,9.1,9.1,9.4,9.5,9.6,8.8,9.3,,7.7,
Booking.com,8.9,8.7,9.0,9.1,9.7,8.6,9.1,,7.5,
Booking.com,9.0,9.3,9.5,9.3,9.0,8.5,8.7,,7.7,
Booking.com,9.2,9.7,9.2,9.1,9.0,8.9,8.4,,7.6,
Booking.com,8.8,8.7,8.7,9.1,9.2,8.4,8.5,,7.6,
Booking.com,9.0,9.2,9.5,8.8,9.1,8.7,8.6,,7.4,
Booking.com,9.4,8.8,9.6,9.8,9.4,8.9,8.7,,7.6,
Booking.com,9.0,9.3,9.4,9.2,8.7,9.2,9.0,,7.2,
Booking.com,8.8,8.6,8.9,9.7,9.0,9.0,8.7,,7.9,
Booking.com,9.4,9.1,9.0,9.7,9.8,8.6,9.1,,7.3,
Booking.com,9.2,8.7,9.1,9.0,9.0,9.2,8.9,,7.8,
Booking.com,9.2,8.9,8.9,9.1,9.7,8.7,9.0,,7.4,
Booking.com,9.0,8.7,9.6,10.0,9.4,8.4,9.3,,7.6,
Booking.com,9.1,9.2,9.1,9.9,8.8,8.7,8.6,,7.4,
Booking.com,9.0,8.7,8.3,9.4,9.5,9.2,9.1,,7.2,
Booking.com,9.3,9.2,9.2,9.5,9.3,8.8,9.0,,7.0,
Booking.com,8.8,8.9,9.0,9.2,9.2,8.8,8.9,,7.2,
Booking.com,9.2,9.0,9.1,9.5,9.4,9.3,9.3,,7.4,
Booking.com,8.9,9.0,9.0,9.2,9.4,8.4,9.3,,7.6,
Booking.com,8.9,8.8,9.3,8.8,9.5,8.4,8.7,,7.8,
Booking.com,9.0,9.1,9.4,9.0,9.7,8.3,8.9,,7.4,
Booking.com,9.3,9.5,9.2,9.4,9.4,8.9,9.1,,7.2,
Booking.com,8.9,8.8,9.0,9.1,8.9,8.8,8.9,,7.1,
Booking.com,9.2,9.4,9.1,9.4,9.2,9.3,9.2,,7.6,
Booking.com,9.5,9.4,9.1,9.1,10.0,8.9,9.1,,7.9,
Booking.com,9.1,8.8,8.9,9.2,9.5,8.7,9.5,,7.9,
Booking.com,9.1,8.6,9.3,9.7,10.0,8.8,8.5,,7.7,
Booking.com,9.6,9.1,9.2,9.5,9.7,8.8,9.0,,7.7,
Booking.com,9.0,8.8,9.6,9.4,9.4,8.3,8.7,,8.0,
Booking.com,9.5,9.6,9.5,9.7,9.4,9.6,9.2,,7.6,
Booking.com,9.3,9.0,8.9,9.5,9.3,9.0,8.5,,7.7,
Booking.com,9.3,8.8,9.3,9.8,8.8,8.9,9.1,,7.4,
Booking.com,9.0,8.7,8.8,9.3,9.3,9.0,8.8,,7.1,
Booking.com,9.3,9.3,9.3,9.3,9.7,9.0,8.8,,7.3,
Booking.com,8.7,8.8,8.9,9.0,9.1,8.8,8.6,,7.5,
Booking.com,9.0,9.0,8.8,9.3,9.4,8.6,8.9,,7.5,
Booking.com,9.4,9.3,9.2,9.7,9.6,9.0,9.3,,8.1,
Booking.com,9.1,8.9,8.3,9.8,9.0,8.9,9.0,,7.5,
Booking.com,9.2,9.0,8.6,9.7,9.2,8.6,9.2,,7.9,
Booking.com,9.2,9.0,9.0,8.9,9.0,9.2,9.5,,7.4,
Booking.com,9.2,9.2,9.1,9.7,9.1,8.9,9.1,,7.4,
Booking.com,8.8,9.2,9.0,8.8,8.9,9.0,8.8,,7.1,
Booking.com,9.0,8.9,8.6,9.7,9.0,9.2,9.1,,7.3,
Booking.com,9.1,9.0,8.9,9.3,9.7,8.8,8.8,,7.7,
Booking.com,9.0,8.9,9.2,9.6,9.0,8.9,8.8,,7.5,
Booking.com,9.1,8.6,9.3,9.0,9.3,9.0,8.5,,7.8,
Booking.com,9.0,9.1,9.1,9.8,9.1,8.6,9.3,,7.6,
Booking.com,9.2,9.6,9.4,9.0,9.7,8.8,8.9,,7.4,
Booking.com,9.3,8.7,9.2,9.2,9.7,8.8,9.1,,8.1,
Booking.com,8.9,8.8,8.9,9.1,9.6,8.5,8.7,,7.5,
Booking.com,9.2,8.7,9.0,8.9,9.4,9.5,9.1,,7.8,
Booking.com,9.0,9.2,8.7,9.4,9.2,8.4,8.8,,7.4,
Booking.com,9.1,9.1,9.1,9.9,8.9,8.4,9.0,,7.7,
Booking.com,9.5,9.0,9.4,10.0,9.9,9.2,9.3,,7.8,
Booking.com,9.2,8.7,9.3,9.4,9.1,9.0,9.2,,7.6,
Booking.com,8.9,9.0,9.5,9.7,9.5,8.5,9.0,,7.0,
Booking.com,9.0,8.5,9.0,9.5,9.6,9.0,8.5,,7.5,
Booking.com,9.3,9.0,9.5,9.5,9.1,9.2,9.9,,7.9,
Booking.com,9.4,9.3,9.0,9.3,9.6,8.8,9.5,,7.7,
Booking.com,9.5,8.6,9.5,9.5,9.5,9.6,9.2,,7.6,
Booking.com,9.0,8.5,9.1,9.6,9.8,8.3,8.8,,7.0,
Booking.com,9.4,9.5,9.3,9.2,9.2,9.0,9.0,,7.3,
Booking.com,8.9,8.8,9.5,9.4,8.9,9.1,8.8,,7.6,
Booking.com,9.4,9.3,9.0,9.4,9.1,9.1,9.4,,7.6,
Booking.com,9.3,9.0,9.2,9.6,9.4,8.7,9.1,,7.9,
Booking.com,8.9,9.0,9.5,9.1,9.3,8.7,8.8,,7.5,
Booking.com,9.2,9.1,9.1,9.4,9.2,8.9,8.9,,7.6,
Booking.com,9.1,8.7,8.7,10.0,8.7,9.0,9.3,,7.5,
Booking.com,9.4,9.0,9.7,9.7,9.4,9.0,9.5,,7.2,
Booking.com,9.4,8.9,9.0,9.8,9.9,9.1,9.5,,7.0,
Booking.com,9.0,8.6,9.1,9.4,9.4,8.5,9.2,,7.6,
Booking.com,9.4,9.1,9.4,9.5,9.5,8.7,8.9,,7.6,
Booking.com,9.0,8.9,8.9,9.7,9.5,8.5,8.0,,7.3,
Booking.com,9.4,9.0,8.8,9.9,9.4,8.7,9.1,,7.0,
Booking.com,9.0,8.6,9.2,8.8,9.6,9.1,9.0,,7.7,
Booking.com,9.4,9.5,8.6,9.0,9.4,8.8,9.0,,7.4,
Booking.com,9.3,9.3,9.0,9.8,9.2,9.6,9.0,,7.7,
Booking.com,9.0,9.3,9.2,9.3,9.1,8.9,8.6,,8.1,
Booking.com,9.3,8.9,9.0,9.2,9.2,8.8,9.2,,7.0,
Booking.com,8.9,8.5,8.6,9.0,9.4,8.8,9.2,,7.3,
Booking.com,9.4,9.6,9.6,9.2,9.2,8.6,9.2,,7.4,
Booking.com,9.2,9.0,9.1,9.0,9.4,8.8,9.3,,7.9,
Booking.com,9.3,8.8,9.5,10.0,9.4,9.1,9.2,,7.0,
Booking.com,8.9,9.1,9.0,9.4,9.5,8.8,8.9,,8.1,
Booking.com,9.3,9.4,8.8,9.4,9.7,8.6,9.0,,7.5,
Booking.com,9.1,9.0,9.2,9.6,9.3,8.5,9.0,,7.5,
Booking.com,9.3,9.4,9.0,9.7,8.9,8.7,9.0,,7.4,
Booking.com,9.5,9.3,8.7,9.7,9.2,8.8,9.3,,7.4,
Booking.com,9.1,8.7,9.5,9.7,9.3,9.2,9.2,,7.8,
Booking.com,9.0,8.8,8.9,9.2,8.7,8.4,9.6,,7.2,
Booking.com,9.4,9.3,8.5,9.3,9.7,8.7,9.7,,7.6,
Booking.com,9.1,8.2,9.5,9.6,9.3,8.8,9.0,,7.4,
Booking.com,8.9,9.0,8.9,9.2,9.4,8.2,7.8,,7.3,
Booking.com,8.8,8.6,8.9,9.4,9.7,8.5,9.4,,8.3,
Booking.com,9.0,8.9,8.6,9.5,9.1,8.6,8.8,,7.6,
Booking.com,8.9,8.9,9.6,9.6,9.5,8.6,8.8,,7.7,
Booking.com,9.0,8.9,8.7,8.9,9.3,8.9,8.9,,7.8,
Booking.com,9.2,8.8,9.1,9.6,9.2,8.8,8.9,,7.1,
Booking.com,9.0,8.7,9.4,9.3,9.1,8.6,9.2,,8.0,
Booking.com,9.6,9.7,9.2,9.6,9.8,8.9,8.5,,7.0,
Booking.com,9.4,9.6,9.1,9.6,9.2,9.3,8.7,,7.3,
Booking.com,9.1,8.7,8.6,9.9,9.5,9.3,9.1,,7.4,
Booking.com,8.7,9.5,8.9,9.8,8.7,8.2,9.2,,7.7,
Booking.com,9.4,8.9,9.2,9.8,9.7,9.0,9.2,,7.6,
Booking.com,9.2,9.0,8.9,9.8,9.6,8.7,8.8,,7.4,
Booking.com,9.0,9.0,9.2,9.5,9.3,8.8,8.7,,7.5,
Booking.com,8.7,8.8,9.3,9.4,9.2,8.7,8.8,,7.2,
Booking.com,9.2,9.3,9.4,9.7,9.4,8.8,9.1,,7.1,
Booking.com,9.3,9.0,8.7,9.6,10.0,8.8,9.4,,7.7,
Booking.com,8.9,8.9,9.8,9.3,8.8,8.6,8.4,,7.7,
Booking.com,9.0,8.6,9.3,9.5,9.5,8.5,8.9,,8.0,
Booking.com,9.1,8.7,9.1,9.4,9.0,8.7,8.6,,7.3,
Booking.com,8.7,8.5,9.4,9.1,9.3,8.9,8.5,,7.7,
Booking.com,9.4,9.0,9.8,9.8,9.2,9.0,9.3,,7.4,
Booking.com,9.1,8.6,8.7,9.4,9.2,9.1,9.2,,7.9,
Booking.com,9.3,8.9,9.0,10.0,9.3,8.7,9.1,,7.8,
Booking.com,9.0,9.4,8.4,8.9,9.0,8.9,9.3,,7.6,
Booking.com,9.5,9.4,9.2,9.2,9.6,9.1,8.9,,7.4,
Booking.com,9.1,9.0,9.2,9.4,8.8,9.1,8.9,,7.8,
Booking.com,9.2,9.0,9.1,9.7,9.5,8.8,9.7,,7.7,
Booking.com,9.2,9.6,8.9,9.5,9.2,8.7,8.9,,7.3,
Booking.com,9.1,9.2,8.5,9.5,8.9,8.9,9.2,,7.1,
Booking.com,9.1,8.9,9.2,9.1,9.4,8.5,9.0,,7.4,
Booking.com,8.6,8.6,9.5,9.1,8.8,8.7,8.4,,8.0,
Booking.com,9.1,9.1,8.9,9.5,9.3,9.0,8.4,,7.8,
Booking.com,9.1,9.2,9.2,9.0,8.9,9.0,8.8,,7.2,
Booking.com,9.1,8.8,8.6,9.2,9.4,8.7,9.3,,7.1,
Booking.com,9.3,9.1,9.2,9.6,9.0,8.9,9.2,,7.9,
Booking.com,9.1,8.9,9.0,9.1,9.2,8.6,9.3,,7.2,
Trip.com,9.0,8.9,,9.1,8.5,,,,,8.5
Trip.com,9.2,9.0,,9.1,9.4,,,,,8.8
Trip.com,8.8,9.0,,9.0,8.4,,,,,8.2
Trip.com,9.2,9.0,,9.4,8.9,,,,,8.1
Trip.com,9.1,8.4,,9.6,9.3,,,,,8.0
Trip.com,9.2,8.8,,9.3,9.0,,,,,8.5
Trip.com,9.0,8.5,,9.2,8.9,,,,,7.8
Trip.com,8.7,9.3,,8.9,8.5,,,,,8.5
Trip.com,8.7,8.9,,9.4,8.4,,,,,8.4
Trip.com,9.1,8.8,,9.8,9.0,,,,,8.7
Trip.com,9.4,9.2,,9.1,9.3,,,,,8.2
Trip.com,8.7,9.0,,9.1,8.7,,,,,8.3
Trip.com,8.7,8.6,,9.0,8.5,,,,,8.7
Trip.com,8.7,8.9,,9.1,8.1,,,,,8.8
Trip.com,8.8,8.8,,8.4,8.5,,,,,8.2
Trip.com,8.8,8.4,,9.3,8.8,,,,,8.5
Trip.com,8.8,8.7,,8.9,9.3,,,,,8.5
Trip.com,8.7,8.8,,8.7,9.0,,,,,8.5
Trip.com,8.9,8.9,,9.4,8.9,,,,,8.3
Trip.com,8.6,8.5,,8.9,8.7,,,,,8.8
Trip.com,8.9,9.2,,9.1,8.6,,,,,7.8
Trip.com,9.0,8.9,,9.6,9.2,,,,,8.3
Trip.com,9.1,8.9,,8.8,8.9,,,,,8.5
Trip.com,8.4,9.0,,8.7,8.2,,,,,8.5
Trip.com,9.0,8.7,,9.3,8.6,,,,,8.8
Trip.com,9.1,9.0,,9.5,8.5,,,,,8.8
Trip.com,8.8,8.8,,8.7,8.6,,,,,8.3
Trip.com,8.8,8.6,,9.3,9.0,,,,,8.8
Trip.com,9.1,9.1,,9.4,8.8,,,,,8.2
Trip.com,8.7,9.3,,8.6,8.8,,,,,8.7
Trip.com,9.4,9.1,,9.4,9.2,,,,,8.9
Trip.com,9.1,9.2,,9.5,8.6,,,,,8.8
Trip.com,9.0,8.7,,9.1,9.4,,,,,8.4
Trip.com,8.6,8.4,,9.6,8.6,,,,,8.3
Trip.com,8.8,9.3,,9.5,8.8,,,,,7.9
Trip.com,9.0,9.5,,9.2,8.7,,,,,8.5
Trip.com,9.3,9.4,,9.1,8.8,,,,,8.1
Trip.com,8.8,8.8,,8.9,8.9,,,,,8.2
Trip.com,8.9,8.6,,9.2,8.9,,,,,8.0
Trip.com,8.9,8.6,,9.4,8.6,,,,,8.3
Trip.com,8.9,8.4,,9.1,8.5,,,,,8.4
Trip.com,9.2,8.9,,8.5,9.6,,,,,8.5
Trip.com,9.1,9.4,,9.6,8.7,,,,,8.2
Trip.com,8.8,8.9,,9.3,9.0,,,,,8.7
Trip.com,9.1,9.0,,9.1,8.3,,,,,8.3
Trip.com,9.5,9.3,,9.5,8.7,,,,,8.2
Trip.com,9.1,8.8,,9.7,8.8,,,,,8.5
Trip.com,8.8,9.5,,8.4,8.9,,,,,9.0
Trip.com,9.1,9.5,,9.3,8.0,,,,,8.5
Trip.com,8.8,8.9,,8.8,8.8,,,,,8.3
Trip.com,8.8,8.7,,9.3,8.5,,,,,7.9
Trip.com,9.2,9.1,,9.2,8.9,,,,,8.3
Trip.com,8.9,8.8,,9.4,8.5,,,,,8.5
Trip.com,8.5,8.6,,9.1,8.5,,,,,8.3
Trip.com,8.8,9.3,,8.6,8.7,,,,,7.9
Trip.com,9.1,9.3,,9.1,8.5,,,,,8.1
Trip.com,9.0,8.9,,9.3,8.7,,,,,8.8
Trip.com,8.8,8.5,,9.5,8.4,,,,,8.8
Trip.com,8.7,8.5,,8.8,8.3,,,,,8.1
Trip.com,9.1,8.9,,9.5,9.1,,,,,8.6
Trip.com,8.7,8.8,,9.0,8.4,,,,,8.0
Trip.com,8.4,8.8,,9.3,8.7,,,,,8.8
Trip.com,9.0,9.2,,9.0,9.0,,,,,8.5
Trip.com,9.1,9.1,,9.3,8.6,,,,,8.7
Trip.com,9.0,9.3,,9.5,8.6,,,,,7.9
Trip.com,8.7,8.6,,8.8,8.9,,,,,8.6
Trip.com,8.8,8.8,,9.0,9.1,,,,,8.4
Trip.com,9.1,9.1,,9.3,8.4,,,,,8.7
Trip.com,9.3,9.0,,9.9,8.8,,,,,8.7
Trip.com,9.0,9.4,,8.9,8.3,,,,,8.4
Trip.com,8.9,9.0,,9.8,8.7,,,,,8.2
Trip.com,9.3,9.5,,9.8,8.8,,,,,8.6
Trip.com,8.9,9.1,,9.2,8.5,,,,,8.4
Trip.com,9.0,9.2,,9.1,8.7,,,,,8.1
Trip.com,8.6,8.8,,9.0,8.4,,,,,8.1
Trip.com,8.9,8.9,,9.2,8.8,,,,,8.0
Trip.com,9.2,9.2,,8.8,9.1,,,,,8.2
Trip.com,8.7,9.4,,9.2,8.5,,,,,8.7
Trip.com,9.3,9.1,,9.6,8.6,,,,,8.5
Trip.com,9.0,8.9,,9.0,9.0,,,,,8.2
Trip.com,9.2,9.3,,9.1,9.2,,,,,8.6
Trip.com,8.6,8.2,,8.7,8.4,,,,,8.2
Trip.com,8.6,8.5,,9.3,8.7,,,,,8.4
Trip.com,9.0,9.1,,9.3,8.9,,,,,8.3
Trip.com,8.9,8.9,,9.2,8.8,,,,,8.6
Trip.com,8.9,9.1,,9.1,8.1,,,,,7.9
Trip.com,9.0,8.9,,9.1,9.0,,,,,8.1
Trip.com,9.3,9.1,,9.4,9.3,,,,,7.9
Trip.com,8.8,8.7,,9.2,8.8,,,,,8.3
Trip.com,9.0,9.1,,9.3,8.5,,,,,8.8
Trip.com,9.3,9.2,,9.3,8.6,,,,,8.2
Trip.com,9.5,9.3,,9.5,9.3,,,,,8.2
Trip.com,9.3,9.5,,9.4,9.1,,,,,8.7
Trip.com,9.2,9.0,,9.3,9.0,,,,,8.7
Trip.com,9.3,9.0,,9.7,8.9,,,,,8.4
Trip.com,8.8,8.4,,9.3,8.6,,,,,8.6
Trip.com,9.1,8.7,,9.6,8.7,,,,,8.1
Trip.com,9.1,8.8,,9.4,8.8,,,,,8.8
Trip.com,8.9,9.2,,8.6,9.0,,,,,9.0
Trip.com,9.3,8.7,,9.6,9.3,,,,,8.6
Trip.com,9.1,9.1,,9.2,9.1,,,,,7.8
Trip.com,8.7,8.9,,9.2,8.4,,,,,8.2
Trip.com,8.9,8.8,,9.3,8.9,,,,,8.6
Trip.com,9.0,9.0,,9.1,9.0,,,,,8.3
Trip.com,8.8,8.8,,9.3,9.0,,,,,8.8
Trip.com,8.9,8.8,,9.0,8.6,,,,,8.6
Trip.com,8.8,8.4,,9.6,9.7,,,,,8.2
Trip.com,9.2,8.8,,9.2,8.4,,,,,8.4
Trip.com,9.0,8.8,,9.1,8.5,,,,,8.1
Trip.com,8.8,8.7,,8.9,8.9,,,,,8.3
Trip.com,9.2,9.0,,9.3,9.4,,,,,8.2
Trip.com,9.0,9.1,,9.3,8.5,,,,,8.8
Trip.com,8.9,9.0,,9.3,8.7,,,,,9.0
Trip.com,9.1,9.2,,8.9,9.1,,,,,8.0
Trip.com,8.9,9.1,,8.7,8.8,,,,,7.8
Trip.com,8.9,8.8,,9.4,8.7,,,,,8.3
Trip.com,9.1,8.8,,9.6,9.0,,,,,7.9
Trip.com,8.7,9.0,,8.9,8.9,,,,,8.4
Trip.com,9.3,9.1,,9.7,9.1,,,,,8.6
Trip.com,9.3,9.3,,9.3,9.2,,,,,8.8
Trip.com,9.1,9.3,,9.2,8.9,,,,,8.5
Trip.com,8.9,8.7,,9.1,8.9,,,,,8.3
Trip.com,9.0,8.9,,8.8,8.9,,,,,7.8
Trip.com,9.1,9.1,,9.5,8.9,,,,,8.4
Trip.com,9.0,9.2,,9.0,8.8,,,,,8.4
Trip.com,9.2,9.2,,9.0,8.8,,,,,8.6
Trip.com,9.2,8.9,,9.5,9.2,,,,,8.2
Trip.com,8.8,8.5,,8.6,9.3,,,,,8.3
Trip.com,8.5,8.6,,8.7,8.3,,,,,8.0
Trip.com,9.2,9.0,,9.2,8.8,,,,,7.7
Trip.com,8.9,9.0,,9.3,8.6,,,,,8.1
Trip.com,9.0,8.6,,9.3,8.7,,,,,7.9
Trip.com,8.9,8.9,,9.1,8.9,,,,,8.5
Trip.com,9.2,9.1,,10.0,9.0,,,,,8.2
Trip.com,8.9,8.6,,9.1,8.8,,,,,8.2
Trip.com,8.8,9.2,,9.1,8.2,,,,,8.1
Trip.com,8.8,8.8,,9.0,8.5,,,,,7.4
Trip.com,8.8,9.3,,9.2,9.1,,,,,8.9
Trip.com,8.7,8.7,,9.4,8.0,,,,,8.1
Trip.com,9.0,8.6,,9.6,9.2,,,,,8.3
Trip.com,8.7,8.8,,8.8,9.0,,,,,8.0
Trip.com,9.0,8.9,,9.1,9.2,,,,,8.7
Trip.com,8.8,8.8,,9.3,8.7,,,,,8.4
Trip.com,8.7,8.8,,9.4,8.2,,,,,8.2
Trip.com,8.8,9.0,,9.2,8.9,,,,,8.3
Trip.com,9.2,8.8,,9.4,9.2,,,,,8.9
Trip.com,9.2,8.9,,9.0,9.1,,,,,8.4
Trip.com,8.9,8.4,,9.7,8.6,,,,,8.3
Trip.com,9.2,9.0,,9.5,8.8,,,,,8.1
Trip.com,8.9,8.9,,8.8,8.6,,,,,7.8
Trip.com,9.2,9.4,,8.9,8.6,,,,,8.4
Trip.com,9.1,8.6,,8.9,9.1,,,,,8.5
Trip.com,8.6,8.4,,9.4,8.4,,,,,8.7
Trip.com,8.7,9.1,,8.8,8.5,,,,,7.7
Trip.com,9.0,9.0,,9.1,8.5,,,,,8.1
Trip.com,8.8,8.6,,9.3,8.4,,,,,8.2
Trip.com,8.9,8.4,,9.2,8.8,,,,,8.4
Trip.com,9.5,9.4,,9.3,9.1,,,,,8.4
Trip.com,9.0,9.3,,8.9,8.7,,,,,8.4
Trip.com,8.6,8.2,,9.4,8.3,,,,,8.5
Trip.com,8.8,8.8,,9.0,9.1,,,,,8.1
Trip.com,9.6,9.4,,9.1,9.3,,,,,8.7
Trip.com,8.8,8.8,,9.3,8.6,,,,,8.5
Trip.com,8.8,8.8,,9.2,8.7,,,,,8.3
Trip.com,8.9,8.8,,9.2,9.0,,,,,8.9
Trip.com,8.9,8.6,,9.0,9.3,,,,,8.9
Trip.com,8.6,8.4,,9.1,8.6,,,,,8.7
Trip.com,8.8,9.2,,9.2,8.4,,,,,7.5
Trip.com,8.5,8.3,,8.8,9.0,,,,,8.9
Trip.com,8.9,9.0,,9.1,9.0,,,,,8.6
Trip.com,9.4,9.2,,9.3,8.8,,,,,9.0
Trip.com,8.7,8.5,,8.8,8.6,,,,,8.8
Trip.com,9.2,8.6,,9.5,9.1,,,,,8.9
Trip.com,9.5,9.3,,9.6,9.0,,,,,8.7
Trip.com,9.1,9.1,,8.8,8.6,,,,,8.8
Trip.com,8.7,8.7,,9.6,8.8,,,,,9.0
Trip.com,8.8,9.3,,9.2,8.4,,,,,8.5
Trip.com,9.1,9.3,,9.3,9.0,,,,,7.9
Trip.com,8.9,9.0,,9.1,8.7,,,,,8.3
Trip.com,8.8,8.6,,9.5,8.7,,,,,8.5
Trip.com,8.9,8.8,,9.3,8.8,,,,,8.4
Trip.com,9.0,9.0,,9.0,8.8,,,,,8.0
Trip.com,8.9,8.8,,8.9,9.1,,,,,7.9
Trip.com,8.9,9.2,,8.8,9.0,,,,,8.2
Trip.com,8.5,8.4,,9.3,8.8,,,,,8.6
Trip.com,8.8,8.5,,9.4,9.0,,,,,8.9
Trip.com,9.0,9.0,,9.4,8.9,,,,,8.7
Trip.com,8.8,8.8,,9.2,8.7,,,,,8.7
Trip.com,8.6,8.7,,8.9,8.8,,,,,8.4
Trip.com,8.6,8.4,,9.0,8.8,,,,,7.9
Trip.com,8.9,8.9,,9.5,9.0,,,,,8.3
Trip.com,8.9,8.9,,9.1,8.7,,,,,8.3
Trip.com,8.8,9.1,,9.2,8.7,,,,,8.3
Trip.com,9.0,8.9,,8.9,9.4,,,,,8.4
Trip.com,8.9,8.9,,9.3,9.1,,,,,8.5
Trip.com,9.0,9.3,,9.1,8.6,,,,,8.7
Trip.com,8.8,8.5,,9.5,9.0,,,,,8.3
Trip.com,9.2,9.1,,9.4,8.8,,,,,7.8
Trip.com,8.8,8.4,,9.1,8.9,,,,,8.3
Trip.com,8.8,8.6,,9.2,8.8,,,,,8.4
Trip.com,8.8,8.5,,9.0,9.2,,,,,8.8
Trip.com,9.0,9.1,,8.8,8.9,,,,,8.2
Trip.com,9.0,8.9,,8.9,8.8,,,,,8.6
Trip.com,9.1,8.9,,9.3,9.1,,,,,8.5
Trip.com,9.1,8.6,,9.3,8.9,,,,,8.4
Trip.com,9.0,8.8,,9.2,8.8,,,,,8.7
Trip.com,9.0,8.7,,9.1,8.9,,,,,8.2
Trip.com,9.1,9.0,,9.5,8.8,,,,,8.2
Trip.com,8.9,8.6,,9.2,8.8,,,,,8.4
Trip.com,9.0,9.3,,9.4,8.6,,,,,8.2
Trip.com,8.5,8.4,,8.7,8.6,,,,,8.6
Trip.com,8.5,8.7,,8.0,8.5,,,,,8.2
Trip.com,9.1,9.4,,9.3,8.4,,,,,8.5
Trip.com,8.8,8.8,,8.8,8.5,,,,,8.4
Trip.com,8.9,8.5,,9.1,8.7,,,,,8.5
Trip.com,8.7,9.0,,9.1,8.8,,,,,8.3
Trip.com,8.9,8.8,,9.7,8.7,,,,,8.3
Trip.com,8.7,8.6,,9.3,8.1,,,,,8.4
Trip.com,8.9,8.6,,9.2,9.3,,,,,8.5
Trip.com,9.9,9.7,,9.5,9.1,,,,,8.4
Trip.com,9.1,8.8,,9.3,8.9,,,,,8.9
Trip.com,8.9,8.3,,9.1,9.4,,,,,8.1
Trip.com,9.0,9.3,,9.5,8.5,,,,,8.4
Trip.com,9.1,9.1,,8.9,9.4,,,,,7.9
Trip.com,8.8,8.7,,9.3,8.5,,,,,8.5
Trip.com,8.8,8.6,,8.7,8.9,,,,,8.1
Trip.com,8.8,9.1,,9.3,8.4,,,,,8.3
Trip.com,8.9,8.8,,9.3,8.8,,,,,8.3
Trip.com,9.1,8.3,,9.7,8.9,,,,,8.5
Trip.com,9.2,9.4,,8.7,8.8,,,,,8.2
Trip.com,9.0,8.8,,9.0,9.0,,,,,8.2
Trip.com,8.9,9.3,,9.4,8.8,,,,,8.8
Trip.com,9.1,9.3,,9.3,8.6,,,,,8.5
Trip.com,9.0,8.6,,9.3,8.6,,,,,8.2
Trip.com,9.2,9.2,,8.9,9.0,,,,,8.3
Trip.com,8.9,8.7,,9.0,8.6,,,,,8.9
Trip.com,9.2,8.3,,9.6,9.1,,,,,8.3
Trip.com,9.1,8.8,,9.2,9.2,,,,,8.2
Trip.com,8.9,9.0,,9.3,8.3,,,,,8.2
Trip.com,8.9,8.8,,9.2,9.1,,,,,8.2
Trip.com,9.1,8.8,,8.8,9.4,,,,,8.2
Trip.com,9.4,9.2,,9.5,8.9,,,,,8.0
Trip.com,9.0,8.9,,9.4,9.0,,,,,8.1
Trip.com,9.0,8.6,,9.9,9.1,,,,,8.2
Trip.com,8.9,9.1,,8.9,8.7,,,,,8.6
Trip.com,9.0,9.0,,9.4,8.9,,,,,8.3
Trip.com,8.5,8.1,,8.8,8.4,,,,,8.3
Trip.com,8.9,9.0,,9.2,8.8,,,,,8.8
Trip.com,9.4,9.0,,9.5,8.9,,,,,8.8
Trip.com,8.7,8.9,,8.6,9.0,,,,,8.3
Trip.com,9.3,9.2,,9.1,9.1,,,,,8.2
Trip.com,8.6,8.7,,9.0,8.6,,,,,8.1
Trip.com,8.6,9.0,,9.0,8.6,,,,,8.6
Trip.com,9.0,8.4,,9.3,9.4,,,,,8.3
Trip.com,9.0,9.0,,9.5,8.8,,,,,8.3
Trip.com,9.0,9.5,,9.2,8.9,,,,,8.2
Trip.com,8.6,8.6,,9.3,8.8,,,,,8.2
Trip.com,8.8,8.7,,9.2,8.6,,,,,8.5
Trip.com,9.2,8.7,,9.2,9.3,,,,,8.0
Trip.com,8.9,8.9,,8.9,8.6,,,,,8.7
Trip.com,8.8,8.6,,9.5,8.5,,,,,8.2
Trip.com,9.1,9.0,,9.3,8.7,,,,,8.4
Trip.com,8.9,9.2,,9.3,8.2,,,,,8.0
Trip.com,8.7,9.1,,9.0,8.6,,,,,8.4
Trip.com,8.4,8.4,,9.1,8.5,,,,,8.3
Trip.com,9.1,9.2,,9.1,9.0,,,,,8.4
Trip.com,8.8,9.2,,8.7,8.6,,,,,8.8
Trip.com,9.1,9.1,,8.7,9.1,,,,,8.5
Trip.com,9.2,9.0,,9.0,9.2,,,,,8.2
Trip.com,9.2,9.0,,9.4,9.0,,,,,8.2
Trip.com,8.9,9.2,,9.0,8.7,,,,,8.6
Trip.com,8.9,9.5,,8.9,8.8,,,,,8.8
Trip.com,8.7,8.6,,9.0,8.3,,,,,8.5
Trip.com,9.1,9.2,,9.1,8.8,,,,,8.6
Trip.com,8.5,8.9,,9.1,8.5,,,,,8.6
Trip.com,9.1,8.9,,9.8,9.0,,,,,8.8
Trip.com,9.0,8.4,,9.5,9.6,,,,,7.8
Trip.com,9.1,8.8,,9.5,8.9,,,,,8.6
Trip.com,8.6,8.6,,9.6,8.2,,,,,8.7
Trip.com,8.8,8.8,,8.9,8.7,,,,,8.0
Trip.com,8.7,8.6,,8.8,8.8,,,,,8.1
Trip.com,8.8,8.8,,8.9,8.8,,,,,8.1
Trip.com,8.8,8.8,,9.6,8.6,,,,,8.2
Trip.com,8.8,8.9,,9.0,8.9,,,,,8.3
Trip.com,8.4,8.4,,8.8,8.4,,,,,8.5
Trip.com,8.7,8.5,,9.1,8.5,,,,,8.7
Trip.com,9.1,9.0,,9.1,9.0,,,,,8.7
Trip.com,8.7,8.7,,9.3,8.5,,,,,8.1
Trip.com,9.4,9.2,,9.3,9.0,,,,,8.1
Trip.com,8.7,9.0,,9.0,8.4,,,,,8.8
Trip.com,9.5,9.1,,9.4,9.3,,,,,8.6
Trip.com,8.9,9.3,,9.0,8.6,,,,,8.4
Trip.com,8.6,8.8,,9.2,8.7,,,,,8.5
Trip.com,9.0,8.7,,9.4,8.9,,,,,8.4
Trip.com,9.0,9.2,,9.0,8.6,,,,,8.6
Trip.com,9.0,9.1,,9.0,8.8,,,,,8.3
Trip.com,8.9,8.8,,9.4,9.0,,,,,8.5
Trip.com,9.1,9.3,,8.9,9.1,,,,,7.9
Trip.com,8.9,8.8,,9.1,9.0,,,,,8.2
Trip.com,8.9,8.9,,9.4,8.7,,,,,8.2
Trip.com,9.2,8.9,,9.8,8.8,,,,,8.3
Trip.com,9.2,8.6,,9.4,9.5,,,,,8.1
Trip.com,9.2,8.9,,9.3,9.1,,,,,8.2
Trip.com,9.0,9.3,,9.4,8.5,,,,,7.9
Trip.com,8.8,9.0,,8.9,8.8,,,,,8.6
Trip.com,8.7,8.9,,9.2,8.7,,,,,8.4
Trip.com,8.9,8.9,,9.2,8.8,,,,,7.9
Trip.com,8.4,9.0,,9.3,8.4,,,,,8.1
Trip.com,8.9,9.1,,9.2,8.7,,,,,8.5
Trip.com,9.2,9.1,,9.3,9.3,,,,,8.2
Trip.com,9.0,8.8,,9.1,9.0,,,,,8.2
Trip.com,8.7,9.0,,9.2,8.1,,,,,8.4
Trip.com,9.1,9.0,,8.8,9.2,,,,,8.5
Trip.com,8.6,8.6,,9.1,9.1,,,,,8.0
Trip.com,9.1,9.0,,9.6,8.7,,,,,8.6
Trip.com,8.6,8.3,,9.3,9.0,,,,,8.2
Trip.com,8.7,9.0,,9.2,8.5,,,,,8.4
Trip.com,9.1,9.1,,9.8,8.7,,,,,8.4
Trip.com,9.2,9.1,,8.8,9.2,,,,,8.2
Trip.com,8.8,8.8,,8.9,8.7,,,,,8.1
Trip.com,8.9,9.0,,9.7,8.2,,,,,8.3
Trip.com,9.1,9.3,,9.2,8.8,,,,,8.9
Trip.com,9.0,9.3,,9.1,8.8,,,,,8.0
Trip.com,8.9,8.9,,8.8,9.2,,,,,8.9
Trip.com,9.0,8.9,,9.3,8.8,,,,,8.3
Trip.com,8.9,9.2,,9.4,8.7,,,,,8.4
Trip.com,8.9,8.4,,8.9,9.1,,,,,8.1
Trip.com,8.9,8.8,,9.2,8.8,,,,,8.2
Trip.com,9.1,9.3,,9.1,8.6,,,,,8.2
Trip.com,9.3,9.2,,9.3,9.1,,,,,8.1
Trip.com,8.7,9.0,,8.9,8.9,,,,,8.3
Trip.com,8.8,8.4,,9.6,8.8,,,,,8.3
Trip.com,8.9,8.9,,9.5,8.9,,,,,9.0
Trip.com,8.5,8.7,,9.1,8.5,,,,,8.1
Trip.com,8.7,9.0,,9.1,8.6,,,,,8.4
Trip.com,9.2,8.7,,9.2,8.8,,,,,8.5
Trip.com,8.8,8.6,,9.0,8.7,,,,,8.1
Trip.com,9.1,8.3,,9.1,9.2,,,,,8.6
Trip.com,9.2,9.3,,9.1,8.9,,,,,8.3
Trip.com,9.1,8.8,,9.7,9.1,,,,,7.7
Trip.com,9.0,8.9,,9.5,8.8,,,,,8.6
Trip.com,9.2,8.9,,9.5,9.1,,,,,8.1
Trip.com,9.0,8.6,,9.3,8.9,,,,,8.1
Trip.com,8.6,8.5,,8.9,8.8,,,,,8.6
Trip.com,8.6,8.6,,9.2,8.8,,,,,8.3
Trip.com,9.4,8.7,,9.5,8.5,,,,,8.7
Trip.com,8.9,9.0,,8.8,9.0,,,,,8.8
Trip.com,8.9,8.7,,9.4,8.8,,,,,8.2
Trip.com,9.3,9.4,,9.9,8.6,,,,,8.6
Trip.com,9.2,9.2,,9.5,9.1,,,,,8.2
Trip.com,9.0,9.1,,9.6,8.4,,,,,9.1
Trip.com,9.1,8.9,,9.3,8.7,,,,,8.2
Trip.com,9.3,9.4,,9.5,9.1,,,,,8.7
Trip.com,8.7,8.8,,9.0,8.9,,,,,8.7
Trip.com,9.0,8.9,,9.4,8.8,,,,,8.5
Trip.com,9.0,9.0,,9.4,8.9,,,,,8.2
Trip.com,9.3,9.1,,9.3,8.9,,,,,8.4
Trip.com,9.1,9.1,,9.6,8.3,,,,,7.8
Trip.com,8.8,8.8,,9.0,8.7,,,,,8.5
Trip.com,8.8,8.7,,9.1,9.3,,,,,8.5
Trip.com,8.8,9.1,,9.2,8.6,,,,,8.4
Trip.com,8.9,9.1,,8.9,8.7,,,,,7.5
Trip.com,8.9,8.8,,9.3,8.6,,,,,8.0
Trip.com,8.6,8.4,,8.7,8.8,,,,,8.2
Trip.com,8.9,8.8,,9.5,8.6,,,,,8.5
Trip.com,9.0,9.1,,9.2,8.9,,,,,8.5
Trip.com,9.1,9.4,,9.0,8.9,,,,,8.3
Trip.com,8.4,8.5,,8.9,9.0,,,,,8.6
Trip.com,8.6,8.8,,9.1,8.5,,,,,8.1
Trip.com,8.8,8.8,,9.4,8.7,,,,,8.6
Trip.com,9.3,9.3,,9.4,8.7,,,,,8.5
Trip.com,8.8,8.9,,9.0,8.9,,,,,8.5
Trip.com,8.7,8.6,,8.9,8.6,,,,,8.3
Trip.com,9.2,9.1,,9.4,9.1,,,,,8.9
Trip.com,9.2,8.8,,9.0,9.2,,,,,8.5
Trip.com,8.9,8.5,,9.2,8.5,,,,,8.1
Trip.com,8.8,8.6,,9.2,8.7,,,,,8.5
Trip.com,9.0,9.4,,9.3,8.6,,,,,8.6
Trip.com,9.3,9.0,,9.5,9.6,,,,,8.2
Trip.com,8.8,8.9,,8.8,8.7,,,,,8.7
Trip.com,8.9,8.8,,8.6,9.3,,,,,8.5
Trip.com,8.9,9.0,,9.0,8.4,,,,,7.7
Trip.com,9.1,9.0,,9.7,8.5,,,,,8.5
Trip.com,9.2,9.0,,9.8,8.6,,,,,8.3
Trip.com,9.2,8.9,,9.7,8.5,,,,,8.6
Trip.com,9.3,9.2,,9.1,8.7,,,,,8.7
Trip.com,8.8,8.9,,8.7,8.6,,,,,8.5
Trip.com,8.7,8.6,,8.5,8.6,,,,,8.9
Trip.com,8.9,8.7,,9.0,9.1,,,,,8.3
Trip.com,9.0,8.3,,9.1,9.2,,,,,8.6
Trip.com,9.5,9.5,,9.6,9.1,,,,,8.6
Trip.com,9.4,9.2,,9.5,9.0,,,,,8.4
Trip.com,8.9,8.7,,9.3,8.8,,,,,8.6
Trip.com,8.7,8.8,,8.9,8.7,,,,,8.2
Trip.com,8.5,8.7,,8.9,8.5,,,,,8.3
Trip.com,9.2,9.4,,9.3,8.9,,,,,8.0
Trip.com,9.0,8.5,,9.4,8.4,,,,,8.5
Trip.com,8.8,8.9,,9.3,8.5,,,,,8.5
Trip.com,9.1,8.9,,8.9,9.1,,,,,8.8
Trip.com,9.4,9.1,,9.4,9.4,,,,,8.6
Trip.com,9.0,8.9,,9.3,8.9,,,,,8.3
Trip.com,9.0,8.4,,8.9,9.1,,,,,8.0
Trip.com,8.4,8.8,,9.0,8.7,,,,,8.5
Trip.com,8.6,8.6,,9.4,8.4,,,,,8.7
Trip.com,8.9,8.9,,9.1,9.0,,,,,8.6
Trip.com,9.2,9.3,,9.7,9.0,,,,,8.7
Trip.com,8.9,8.4,,9.4,8.8,,,,,8.3
Trip.com,8.9,8.7,,9.1,8.7,,,,,8.3
Trip.com,9.0,8.7,,9.2,9.1,,,,,8.2
Trip.com,8.9,8.8,,9.2,8.5,,,,,8.4
Trip.com,8.8,9.1,,9.0,8.6,,,,,8.4
Trip.com,8.5,8.8,,8.9,8.5,,,,,8.5
Trip.com,9.1,9.0,,9.4,8.8,,,,,8.4
Trip.com,8.8,8.7,,9.5,8.5,,,,,8.4
Trip.com,8.7,9.0,,9.4,8.6,,,,,8.2
Trip.com,9.2,9.1,,9.7,8.6,,,,,8.7
Trip.com,9.0,8.7,,9.0,8.7,,,,,8.4
Trip.com,9.3,9.1,,9.7,8.4,,,,,8.3
Trip.com,8.9,8.9,,8.9,8.8,,,,,8.2
Trip.com,9.2,9.2,,8.9,9.2,,,,,8.0
Trip.com,9.0,8.8,,8.7,8.8,,,,,8.8
Trip.com,9.0,9.0,,9.1,9.3,,,,,8.6
Trip.com,9.2,8.9,,9.0,9.2,,,,,7.9
Trip.com,9.1,8.9,,9.4,9.0,,,,,8.6
Trip.com,9.2,9.0,,9.3,8.8,,,,,8.7
Trip.com,8.9,9.1,,8.8,8.8,,,,,8.4
Trip.com,9.0,8.5,,9.1,9.0,,,,,8.9
Trip.com,9.1,9.3,,9.1,8.7,,,,,8.5
Trip.com,8.2,8.3,,8.7,8.2,,,,,8.0
Trip.com,9.0,8.7,,8.9,8.9,,,,,8.5
Trip.com,8.6,8.9,,9.0,8.5,,,,,8.5
Trip.com,9.2,9.0,,9.6,8.5,,,,,8.2
Trip.com,9.1,9.4,,9.3,8.8,,,,,8.6
Trip.com,9.0,8.3,,9.4,8.8,,,,,7.9
Trip.com,8.8,8.7,,8.8,8.4,,,,,8.7
Trip.com,8.9,8.3,,9.6,8.8,,,,,8.1
Trip.com,9.2,8.9,,9.6,9.1,,,,,8.1
Trip.com,8.8,9.0,,8.6,8.5,,,,,8.4
Trip.com,8.9,9.4,,9.0,9.2,,,,,8.5
Trip.com,8.8,8.9,,9.3,8.3,,,,,8.4
Trip.com,9.2,9.2,,9.4,9.4,,,,,8.2
Trip.com,9.0,9.1,,9.0,8.7,,,,,8.2
Trip.com,8.7,8.8,,9.1,8.8,,,,,8.1
Trip.com,8.4,8.5,,9.0,8.2,,,,,8.3
Trip.com,9.2,9.0,,9.2,8.8,,,,,8.7
Trip.com,9.1,8.5,,9.6,8.9,,,,,8.4
Trip.com,9.0,9.3,,9.0,8.8,,,,,8.7
Trip.com,9.0,8.9,,9.5,8.6,,,,,8.8
Trip.com,8.9,9.3,,9.0,8.5,,,,,8.2
Trip.com,9.0,8.8,,8.9,9.1,,,,,8.3
Trip.com,8.9,9.0,,9.4,8.8,,,,,9.1
Trip.com,9.4,9.0,,9.5,9.3,,,,,8.8
Trip.com,8.9,8.9,,9.5,8.6,,,,,7.9
Trip.com,8.7,8.8,,8.8,8.7,,,,,8.5
Trip.com,9.0,9.0,,9.1,9.0,,,,,8.4
Trip.com,8.6,8.6,,9.4,8.3,,,,,8.6
Trip.com,8.7,8.5,,9.2,8.4,,,,,8.2
Trip.com,9.0,9.3,,8.9,9.1,,,,,8.1
Trip.com,9.0,9.1,,9.3,8.4,,,,,8.2
Trip.com,8.9,8.9,,9.0,8.3,,,,,8.2
Trip.com,9.4,9.4,,9.7,9.4,,,,,8.6
Trip.com,8.9,8.8,,9.7,8.4,,,,,8.0
Trip.com,9.3,9.3,,9.4,8.9,,,,,8.2
Trip.com,9.0,9.0,,9.6,8.8,,,,,7.9
Trip.com,8.6,8.6,,9.2,8.0,,,,,8.7
Trip.com,9.3,9.5,,9.4,8.7,,,,,8.8
Trip.com,9.4,9.2,,9.6,8.9,,,,,8.3
Trip.com,8.9,8.9,,9.3,8.9,,,,,8.3
Trip.com,9.0,9.1,,9.1,9.1,,,,,8.5
Trip.com,8.7,8.8,,8.7,8.7,,,,,8.8
Trip.com,8.9,9.1,,9.2,9.0,,,,,8.5
Trip.com,8.8,8.2,,9.4,8.6,,,,,8.2
Trip.com,8.6,8.6,,9.5,8.4,,,,,7.9
Trip.com,9.3,9.2,,9.4,8.4,,,,,8.1
Trip.com,8.9,8.8,,9.0,8.4,,,,,8.4
Trip.com,8.9,9.0,,8.6,9.1,,,,,8.2
Trip.com,8.7,8.5,,9.1,8.3,,,,,8.5
Trip.com,8.9,9.5,,9.1,8.9,,,,,8.2
Trip.com,9.4,9.3,,9.1,8.7,,,,,8.1
Trip.com,8.9,8.8,,9.4,8.8,,,,,8.0
Trip.com,9.2,8.8,,9.8,9.2,,,,,8.9
Trip.com,8.7,9.2,,9.2,8.7,,,,,8.7
Trip.com,9.3,9.5,,9.1,9.0,,,,,8.9
Trip.com,8.9,9.2,,9.1,8.8,,,,,8.6
Trip.com,9.2,9.6,,9.2,8.8,,,,,8.3
Trip.com,9.0,8.6,,9.0,9.5,,,,,8.8
Trip.com,8.6,8.7,,9.2,8.4,,,,,8.4
Trip.com,8.9,8.5,,9.3,9.2,,,,,8.5
Trip.com,9.1,9.0,,9.3,9.0,,,,,8.4
Trip.com,8.8,9.0,,9.3,8.7,,,,,7.5
Trip.com,9.0,8.9,,9.3,9.3,,,,,8.9
Trip.com,8.8,9.1,,8.7,8.2,,,,,8.5
Trip.com,9.5,9.3,,9.4,8.6,,,,,8.5
Trip.com,8.6,8.4,,9.0,8.4,,,,,8.4
Trip.com,8.7,8.7,,8.9,8.9,,,,,8.4
Trip.com,8.8,9.1,,8.9,8.5,,,,,8.2
Trip.com,9.0,8.8,,9.3,8.9,,,,,8.6
Trip.com,8.8,8.7,,9.1,8.7,,,,,8.0
Trip.com,9.0,9.2,,8.7,8.7,,,,,8.5
Trip.com,8.9,8.5,,9.3,8.9,,,,,8.6
Trip.com,8.9,8.8,,8.8,8.7,,,,,8.3
Trip.com,8.8,9.0,,9.2,8.5,,,,,8.5
Trip.com,9.4,8.7,,9.3,9.6,,,,,8.1
Trip.com,9.0,9.1,,9.5,8.7,,,,,8.1
Trip.com,8.6,8.7,,9.7,8.1,,,,,8.5
Trip.com,9.2,9.3,,8.8,8.5,,,,,8.6
Trip.com,8.5,8.9,,9.2,8.4,,,,,7.8
Trip.com,9.0,9.1,,9.1,9.0,,,,,8.6
Trip.com,9.0,9.1,,9.3,8.9,,,,,8.2
Trip.com,9.3,8.7,,9.3,8.9,,,,,8.3
Trip.com,8.9,8.3,,9.1,8.7,,,,,8.0
Trip.com,9.1,9.0,,9.1,8.7,,,,,8.1
Trip.com,8.8,8.9,,8.9,8.7,,,,,8.7
Trip.com,9.5,9.1,,9.5,8.8,,,,,8.4
Trip.com,9.1,8.8,,9.3,9.1,,,,,8.3
Trip.com,9.2,8.8,,9.5,8.9,,,,,8.4
Trip.com,9.2,9.5,,9.1,9.0,,,,,8.5
Trip.com,8.8,8.5,,9.0,8.9,,,,,8.5
Trip.com,9.0,9.1,,8.9,9.1,,,,,8.4
Trip.com,8.9,8.7,,9.3,8.9,,,,,8.7
Agoda,9.3,9.2,,9.6,9.5,8.7,9.1,,,
Agoda,8.6,9.1,,8.8,9.1,7.8,8.8,,,
Agoda,9.0,9.0,,9.5,8.8,7.9,9.5,,,
Agoda,8.9,9.5,,9.0,8.8,8.3,8.5,,,
Agoda,8.4,8.1,,9.0,8.5,8.5,8.6,,,
Agoda,9.0,9.2,,9.1,8.8,8.8,8.8,,,
Agoda,9.1,9.2,,9.4,9.1,8.4,9.0,,,
Agoda,9.0,9.3,,9.5,8.9,8.3,8.3,,,
Agoda,9.0,9.0,,9.2,9.0,8.6,8.7,,,
Agoda,9.0,9.1,,9.2,9.2,8.1,9.1,,,
Agoda,9.1,9.3,,9.3,9.0,8.4,8.6,,,
Agoda,9.1,9.4,,9.4,8.8,8.0,9.3,,,
Agoda,9.1,8.9,,9.6,9.1,8.4,8.8,,,
Agoda,8.7,9.1,,8.8,8.8,8.4,8.6,,,
Agoda,8.9,9.5,,9.2,9.0,8.2,9.1,,,
Agoda,8.8,8.4,,8.9,9.5,8.4,9.4,,,
Agoda,9.2,8.8,,9.2,9.0,8.4,9.0,,,
Agoda,9.3,9.4,,9.1,9.6,8.8,9.3,,,
Agoda,9.4,9.3,,9.2,9.5,7.9,9.4,,,
Agoda,8.8,9.2,,9.0,8.9,8.4,8.6,,,
Agoda,8.7,8.9,,8.8,8.8,8.2,9.2,,,
Agoda,8.7,8.7,,8.6,9.1,8.7,8.4,,,
Agoda,9.0,8.8,,9.2,9.4,8.6,9.0,,,
Agoda,8.9,9.5,,9.1,9.0,8.6,8.9,,,
Agoda,8.7,8.8,,9.0,9.4,8.2,9.3,,,
Agoda,9.3,9.0,,9.6,9.5,8.7,9.3,,,
Agoda,8.9,8.8,,8.9,8.9,7.9,9.1,,,
Agoda,9.3,9.3,,9.6,8.9,7.9,9.0,,,
Agoda,8.9,8.8,,9.7,9.3,8.0,9.1,,,
Agoda,8.8,9.0,,8.6,9.1,8.4,8.9,,,
Agoda,8.7,8.5,,9.2,8.9,8.6,8.9,,,
Agoda,8.8,8.5,,9.1,9.0,7.5,9.3,,,
Agoda,9.0,9.0,,8.3,9.1,8.8,9.4,,,
Agoda,8.5,8.6,,8.8,8.6,8.4,8.9,,,
Agoda,8.9,9.6,,9.4,9.3,7.9,9.0,,,
Agoda,9.0,8.4,,9.8,9.0,8.4,8.9,,,
Agoda,8.8,8.8,,9.5,8.3,8.7,8.4,,,
Agoda,9.1,9.0,,9.3,9.1,8.6,8.8,,,
Agoda,8.8,8.9,,9.2,8.9,8.7,9.4,,,
Agoda,8.7,8.7,,9.7,9.6,8.0,8.7,,,
Agoda,8.8,8.7,,9.8,8.9,8.3,9.5,,,
Agoda,8.8,8.7,,9.0,8.8,8.1,9.3,,,
Agoda,9.3,8.9,,8.6,9.3,8.9,9.0,,,
Agoda,8.9,9.6,,8.6,8.9,8.6,9.1,,,
Agoda,9.5,9.0,,9.6,8.9,9.3,8.6,,,
Agoda,9.2,9.4,,9.2,9.3,8.3,8.8,,,
Agoda,8.7,9.2,,9.3,8.8,8.2,9.3,,,
Agoda,8.8,9.3,,8.7,8.7,8.4,8.7,,,
Agoda,9.1,8.2,,9.0,9.6,8.8,9.2,,,
Agoda,8.5,8.9,,9.1,9.3,8.3,8.5,,,
Agoda,9.1,9.4,,9.3,9.0,8.4,8.5,,,
Agoda,9.1,8.8,,9.1,9.1,8.4,9.5,,,
Agoda,9.1,9.5,,8.9,9.3,8.4,8.9,,,
Agoda,9.0,9.4,,9.0,9.4,8.2,8.7,,,
Agoda,9.0,8.9,,9.6,8.9,8.4,9.3,,,
Agoda,8.9,8.8,,9.3,9.2,8.3,9.3,,,
Agoda,8.7,8.7,,9.4,8.9,8.4,9.2,,,
Agoda,8.7,8.8,,8.9,9.0,8.7,8.7,,,
Agoda,8.7,8.6,,8.3,9.1,8.9,8.8,,,
Agoda,8.9,9.1,,9.0,9.1,8.1,9.0,,,
Agoda,8.7,8.6,,8.9,9.3,8.3,9.1,,,
Agoda,8.8,9.2,,9.3,9.2,8.2,8.7,,,
Agoda,9.2,9.2,,10.0,8.6,8.5,9.0,,,
Agoda,8.8,8.5,,9.4,8.7,8.2,9.0,,,
Agoda,9.2,9.5,,10.0,9.0,8.5,9.3,,,
Agoda,9.3,9.2,,9.4,9.6,8.7,9.1,,,
Agoda,8.6,9.2,,9.0,8.8,7.6,8.4,,,
Agoda,8.9,8.8,,9.3,9.0,8.5,8.8,,,
Agoda,9.1,9.2,,9.7,8.9,8.3,8.6,,,
Agoda,9.0,9.3,,9.7,8.9,8.5,9.1,,,
Agoda,8.7,9.0,,9.0,9.2,8.1,9.2,,,
Agoda,9.3,9.6,,9.3,9.5,8.8,8.9,,,
Agoda,8.7,9.0,,8.8,9.2,8.7,8.8,,,
Agoda,9.0,9.3,,9.4,8.9,8.6,8.9,,,
Agoda,9.3,9.1,,9.7,9.9,8.6,9.0,,,
Agoda,8.6,9.2,,9.2,9.1,8.2,8.7,,,
Agoda,8.7,8.5,,9.0,8.9,8.2,8.5,,,
Agoda,9.0,9.1,,9.3,9.5,8.6,8.3,,,
Agoda,9.1,8.8,,9.3,9.0,8.2,9.3,,,
Agoda,9.1,8.7,,9.2,9.6,8.8,9.0,,,
Agoda,9.1,9.5,,9.3,8.8,8.3,9.0,,,
Agoda,9.2,8.9,,9.1,9.5,8.6,9.3,,,
Agoda,9.0,8.7,,9.5,9.2,9.0,8.5,,,
Agoda,9.0,8.9,,9.4,9.5,8.2,8.4,,,
Agoda,8.7,8.6,,8.9,9.7,8.4,9.0,,,
Agoda,9.2,9.4,,8.9,8.8,8.7,9.0,,,
Agoda,9.0,8.8,,9.1,9.5,8.7,8.4,,,
Agoda,8.8,9.2,,9.4,8.7,8.3,9.0,,,
Agoda,9.0,9.4,,9.2,8.8,8.2,8.8,,,
Agoda,8.4,8.8,,9.0,8.9,8.3,8.7,,,
Agoda,9.1,9.2,,9.3,9.3,8.8,8.8,,,
Agoda,8.9,8.7,,9.1,9.1,8.3,8.2,,,
Agoda,9.1,9.7,,9.5,9.0,8.4,8.7,,,
Agoda,8.9,9.3,,9.3,9.1,8.3,8.7,,,
Agoda,8.9,8.9,,9.1,9.3,8.6,9.1,,,
Agoda,8.7,8.8,,9.3,9.3,8.4,8.9,,,
Agoda,9.2,9.0,,9.6,9.4,8.1,9.1,,,
Agoda,8.8,8.9,,9.0,9.6,8.1,8.1,,,
Agoda,8.9,9.6,,9.3,9.1,7.8,8.6,,,
Agoda,8.7,8.6,,9.2,8.9,8.2,9.1,,,
Agoda,9.0,9.0,,9.3,9.3,8.6,8.8,,,
Agoda,9.0,9.0,,9.0,8.8,8.8,9.2,,,
Agoda,8.9,9.0,,9.2,8.9,8.6,8.4,,,
Agoda,8.9,9.0,,9.5,9.4,8.6,9.1,,,
Agoda,8.9,9.0,,8.9,9.1,8.4,8.7,,,
Agoda,8.9,9.3,,8.8,8.7,8.6,8.7,,,
Agoda,8.9,9.2,,8.8,8.7,8.5,9.2,,,
Agoda,9.2,9.1,,8.8,9.1,8.9,9.2,,,
Agoda,8.9,8.1,,9.4,9.4,8.4,9.2,,,
Agoda,9.3,9.1,,8.8,9.4,8.8,9.5,,,
Agoda,9.1,8.5,,9.1,9.1,8.7,9.3,,,
Agoda,9.3,9.2,,9.4,9.7,8.6,8.7,,,
Agoda,8.8,9.4,,9.3,9.1,7.8,8.9,,,
Agoda,8.9,8.7,,9.1,9.1,8.7,8.8,,,
Agoda,9.0,8.9,,9.3,8.3,8.4,9.5,,,
Agoda,8.6,8.8,,9.2,9.0,8.3,9.2,,,
Agoda,8.9,9.4,,9.1,9.4,8.0,8.8,,,
Agoda,9.0,9.0,,9.1,9.6,8.4,9.2,,,
Agoda,9.0,9.5,,9.9,8.9,8.4,8.5,,,
Agoda,9.1,9.1,,9.4,9.2,8.0,9.0,,,
Agoda,9.1,9.1,,9.9,9.4,8.0,8.6,,,
Agoda,8.8,9.0,,9.1,9.1,8.5,8.4,,,
Agoda,9.0,9.2,,9.2,8.4,8.7,9.1,,,
Agoda,8.8,8.5,,8.8,9.2,8.5,9.2,,,
Agoda,8.9,9.0,,9.0,9.3,8.7,9.0,,,
Agoda,8.9,9.0,,9.8,8.8,8.4,8.8,,,
Agoda,8.9,9.2,,9.0,9.0,8.4,8.5,,,
Agoda,9.0,8.9,,9.8,8.8,8.1,8.6,,,
Agoda,8.4,8.7,,8.8,8.3,7.9,8.6,,,
Agoda,9.1,9.0,,8.9,9.4,9.0,8.8,,,
Agoda,9.2,8.7,,9.1,9.1,8.7,9.2,,,
Agoda,8.7,8.4,,9.2,9.6,8.0,9.2,,,
Agoda,9.1,9.2,,9.5,9.4,8.4,8.4,,,
Agoda,9.1,9.2,,9.3,9.0,8.4,8.7,,,
Agoda,8.9,9.1,,9.1,9.1,8.3,8.7,,,
Agoda,9.2,9.4,,9.2,9.3,8.3,8.1,,,
Agoda,9.3,8.8,,9.1,9.4,8.5,9.1,,,
Agoda,8.9,8.6,,8.9,9.2,8.6,8.8,,,
Agoda,8.9,9.0,,8.9,9.4,8.5,8.9,,,
Agoda,9.1,8.9,,9.5,9.0,8.4,9.3,,,
Agoda,8.8,8.7,,8.7,8.8,8.4,8.9,,,
Agoda,8.7,9.0,,9.7,9.1,8.7,8.8,,,
Agoda,8.9,8.8,,9.1,9.2,8.5,9.1,,,
Agoda,8.6,8.4,,9.0,8.7,8.4,9.2,,,
Agoda,8.9,8.9,,9.4,8.7,8.4,9.0,,,
Agoda,9.0,8.7,,9.6,9.2,8.5,9.1,,,
Agoda,9.0,9.1,,9.5,9.0,8.3,8.9,,,
Agoda,8.8,8.8,,9.4,9.1,8.6,8.9,,,
Agoda,9.1,9.3,,9.5,9.0,8.1,8.9,,,
Agoda,9.3,9.5,,8.7,9.6,8.3,8.7,,,
Agoda,8.9,9.2,,9.0,9.5,8.6,8.7,,,
Agoda,8.4,8.5,,8.9,8.7,8.1,9.3,,,
Agoda,9.1,9.5,,9.6,8.9,7.9,9.5,,,
Agoda,9.2,9.5,,9.1,9.4,8.4,9.4,,,
Agoda,9.1,9.0,,9.5,9.3,7.9,8.5,,,
Agoda,8.8,9.4,,9.4,9.1,8.0,8.5,,,
Agoda,8.7,8.8,,8.9,8.8,8.6,8.5,,,
Agoda,8.4,8.4,,9.0,8.9,8.3,8.9,,,
Agoda,9.1,8.8,,9.6,8.9,8.8,8.1,,,
Agoda,9.0,9.5,,9.0,9.2,8.0,8.7,,,
Agoda,8.9,8.6,,9.2,9.6,8.4,9.3,,,
Agoda,8.7,9.0,,9.0,8.9,8.5,9.2,,,
Agoda,8.6,9.0,,9.1,8.8,8.0,8.7,,,
Agoda,9.0,8.8,,9.2,9.1,8.7,8.8,,,
Agoda,8.8,8.9,,9.0,9.4,8.6,9.1,,,
Agoda,8.7,9.0,,8.9,8.7,7.9,9.2,,,
Agoda,9.3,8.8,,9.3,9.5,8.4,8.7,,,
Agoda,8.7,8.6,,8.9,9.0,8.5,8.8,,,
Agoda,8.7,9.1,,9.0,8.9,8.2,8.7,,,
Agoda,8.8,9.3,,8.9,8.6,8.0,8.5,,,
Agoda,8.9,9.3,,9.2,9.3,8.5,8.8,,,
Agoda,9.3,8.8,,9.5,9.0,9.1,8.8,,,
Agoda,9.1,8.6,,9.7,9.2,8.3,8.5,,,
Agoda,8.9,8.9,,9.0,8.8,8.9,9.1,,,
Agoda,9.0,9.5,,9.8,9.0,8.2,9.0,,,
Agoda,8.9,9.2,,8.9,9.0,8.5,9.1,,,
Agoda,9.0,9.2,,9.5,9.1,8.6,8.7,,,
Agoda,8.9,9.3,,9.0,8.9,8.4,8.3,,,
Agoda,8.9,9.1,,8.9,8.6,8.3,9.0,,,
Agoda,9.0,9.0,,9.0,9.9,8.6,8.7,,,
Agoda,9.1,9.2,,9.2,8.7,9.0,8.6,,,
Agoda,9.0,8.8,,9.4,9.2,8.5,8.5,,,
Agoda,8.6,8.6,,9.4,8.6,8.2,8.8,,,
Agoda,8.6,9.2,,8.9,8.5,8.3,9.4,,,
Agoda,9.1,9.4,,8.9,9.1,9.2,8.7,,,
Agoda,8.6,8.7,,8.9,9.2,8.4,8.6,,,
Agoda,9.2,9.2,,9.2,9.5,8.2,9.1,,,
Agoda,8.8,9.5,,9.1,9.2,8.1,9.0,,,
Agoda,8.8,9.0,,8.9,9.1,7.9,8.3,,,
Agoda,8.9,8.8,,9.3,8.8,8.5,9.1,,,
Agoda,9.2,9.0,,9.9,9.5,8.6,9.5,,,
Agoda,8.8,8.8,,9.0,9.4,8.3,8.1,,,
Agoda,8.9,8.8,,9.1,8.7,8.4,8.5,,,
Agoda,8.7,9.1,,9.4,9.1,8.0,8.0,,,
Agoda,8.7,8.5,,9.0,9.1,8.4,8.9,,,
Agoda,8.8,8.6,,9.4,9.0,8.5,9.2,,,
Agoda,8.9,9.0,,9.0,9.3,8.2,8.9,,,
Agoda,9.1,9.0,,9.7,9.3,8.9,9.3,,,
Agoda,8.6,9.1,,9.3,9.0,8.1,9.1,,,
Agoda,8.9,9.6,,9.0,9.0,8.5,9.4,,,
Agoda,9.3,9.0,,9.0,9.5,8.7,9.2,,,
Agoda,9.0,9.2,,9.0,9.4,8.4,8.8,,,
Agoda,9.0,8.7,,9.6,9.1,8.3,8.9,,,
Agoda,8.6,9.2,,8.8,8.6,8.0,8.6,,,
Agoda,8.9,8.8,,9.0,9.2,8.8,8.8,,,
Agoda,8.9,9.0,,9.0,9.3,8.3,8.9,,,
Agoda,8.9,9.0,,9.2,8.3,8.6,8.9,,,
Agoda,9.1,9.3,,9.1,9.2,8.6,9.3,,,
Agoda,8.5,8.6,,8.8,9.0,8.2,8.8,,,
Agoda,8.7,8.3,,9.1,9.0,8.3,8.6,,,
Agoda,8.5,8.9,,9.2,8.8,8.8,8.6,,,
Agoda,8.9,9.1,,9.0,9.1,8.1,9.1,,,
Agoda,8.9,9.0,,9.4,9.5,9.0,8.5,,,
Agoda,9.0,9.4,,9.5,9.0,8.2,8.8,,,
Agoda,8.8,9.1,,9.2,9.4,8.0,9.3,,,
Agoda,8.9,8.8,,9.3,8.9,8.4,9.0,,,
Agoda,8.9,8.3,,8.6,9.3,9.1,8.9,,,
Agoda,9.0,8.9,,9.1,9.1,7.8,8.9,,,
Agoda,8.8,9.3,,9.5,9.2,8.4,8.6,,,
Agoda,9.0,8.9,,9.1,9.1,8.5,8.6,,,
Agoda,9.0,9.0,,9.0,9.3,8.4,8.8,,,
Agoda,8.9,9.1,,9.9,8.3,8.5,9.0,,,
Agoda,9.0,8.7,,9.7,8.7,8.2,9.2,,,
Agoda,9.0,9.2,,9.3,9.2,8.2,8.9,,,
Agoda,9.1,9.5,,9.5,8.5,8.4,9.3,,,
Agoda,8.6,8.9,,8.5,8.9,8.1,9.4,,,
Agoda,8.7,8.7,,9.0,9.1,8.4,9.1,,,
Agoda,9.0,9.0,,9.1,8.9,8.3,9.3,,,
Agoda,8.9,8.3,,9.1,8.9,8.3,8.6,,,
Agoda,8.9,9.1,,9.1,9.2,8.5,8.6,,,
Agoda,8.4,9.1,,8.4,9.4,7.9,9.1,,,
Agoda,8.9,9.5,,9.3,8.8,8.3,8.5,,,
Agoda,9.0,8.9,,9.4,8.9,9.1,8.8,,,
Agoda,8.9,9.1,,9.7,8.9,8.1,9.1,,,
Agoda,8.8,8.7,,9.0,8.4,8.8,9.3,,,
Agoda,8.8,8.9,,8.9,9.1,8.4,8.8,,,
Agoda,8.8,8.5,,8.4,9.4,8.2,8.7,,,
Agoda,8.7,8.9,,9.1,9.4,8.0,9.0,,,
Agoda,9.1,8.9,,9.5,8.8,8.4,8.6,,,
Agoda,9.1,9.1,,9.0,8.7,8.8,8.8,,,
Agoda,8.8,8.8,,9.8,9.1,8.3,8.9,,,
Agoda,8.8,9.0,,9.1,9.3,8.4,8.9,,,
Agoda,9.0,8.9,,9.2,9.1,8.7,8.9,,,
Agoda,8.7,8.9,,8.8,9.2,8.5,8.6,,,
Agoda,8.8,9.0,,9.3,9.4,7.9,8.7,,,
Agoda,8.9,9.0,,8.6,8.9,8.4,8.7,,,
Agoda,9.2,9.2,,9.4,9.0,8.9,8.4,,,
Agoda,9.4,9.0,,9.4,9.6,8.4,9.0,,,
Agoda,8.9,8.9,,9.6,9.0,7.6,9.2,,,
Agoda,8.7,8.9,,8.9,8.7,8.5,9.1,,,
Agoda,8.8,8.8,,9.2,8.9,8.3,8.8,,,
Agoda,8.7,8.9,,9.4,8.8,7.9,8.7,,,
Agoda,9.0,9.6,,9.3,9.2,7.9,9.1,,,
Agoda,8.8,8.7,,8.9,8.8,8.7,9.1,,,
Agoda,8.6,8.9,,8.5,9.2,8.2,9.0,,,
Agoda,8.9,8.9,,9.3,8.9,8.1,9.4,,,
Agoda,8.5,8.9,,9.2,8.5,8.4,8.9,,,
Agoda,8.7,8.9,,9.0,9.2,8.2,8.8,,,
Agoda,9.0,9.1,,9.4,9.1,8.4,8.8,,,
Agoda,8.5,8.5,,9.2,9.3,8.3,8.4,,,
Agoda,8.9,9.3,,8.8,8.9,8.0,9.1,,,
Agoda,8.5,9.2,,8.6,8.9,8.2,8.9,,,
Agoda,8.9,8.6,,8.9,9.2,8.5,9.1,,,
Agoda,8.9,8.3,,9.9,9.6,8.4,9.5,,,
Agoda,8.8,8.7,,9.4,9.1,8.4,8.8,,,
Agoda,9.1,8.9,,9.3,9.2,9.0,8.2,,,
Agoda,9.5,9.8,,9.1,9.0,8.6,9.0,,,
Agoda,8.9,9.2,,9.1,8.6,8.7,9.0,,,
Agoda,8.6,8.5,,9.6,9.4,8.4,8.7,,,
Agoda,9.1,8.8,,9.1,9.4,8.5,9.0,,,
Agoda,9.0,9.0,,9.4,9.3,8.3,9.1,,,
Agoda,8.9,9.1,,9.1,9.0,8.6,8.6,,,
Agoda,9.1,8.6,,9.8,9.3,8.4,8.8,,,
Agoda,8.8,9.0,,9.4,9.4,8.5,9.3,,,
Agoda,9.1,8.8,,9.6,9.6,8.4,8.7,,,
Agoda,8.8,8.7,,9.0,9.4,8.4,8.9,,,
Agoda,9.3,9.1,,9.5,9.1,9.3,8.1,,,
Agoda,8.9,9.2,,9.1,8.7,8.2,8.5,,,
Agoda,8.7,9.3,,9.2,9.1,8.2,8.9,,,
Agoda,9.4,9.2,,9.7,9.2,8.6,9.3,,,
Agoda,8.9,8.9,,8.9,9.3,8.2,8.5,,,
Agoda,8.9,9.2,,9.3,9.5,8.3,8.9,,,
Agoda,8.9,9.1,,9.3,9.1,8.1,8.8,,,
Agoda,9.3,9.0,,9.4,9.7,8.5,9.2,,,
Agoda,8.6,8.8,,9.1,8.6,8.6,8.5,,,
Agoda,9.3,8.9,,9.8,9.2,8.3,9.0,,,
Agoda,8.6,9.0,,8.8,8.9,8.6,8.7,,,
Agoda,8.8,9.7,,9.6,8.5,7.8,9.0,,,
Agoda,8.8,9.1,,9.6,9.0,8.2,8.9,,,
Agoda,9.1,8.8,,9.8,8.7,8.3,8.8,,,
Agoda,8.6,8.8,,8.7,9.1,8.0,9.0,,,
Agoda,8.6,8.9,,8.9,9.1,7.9,8.9,,,
Agoda,9.3,9.7,,9.6,9.4,8.3,8.9,,,
Agoda,8.8,8.9,,8.6,8.6,8.6,8.8,,,
Agoda,9.2,9.3,,8.7,9.4,8.8,8.9,,,
Agoda,8.8,8.9,,9.1,9.1,8.2,9.0,,,
Agoda,9.1,9.1,,9.3,9.4,8.6,8.6,,,
Agoda,9.0,9.2,,9.7,9.0,8.6,8.8,,,
Agoda,9.1,8.8,,9.1,8.7,8.8,8.6,,,
Agoda,8.9,8.8,,9.0,8.7,8.3,8.9,,,
Agoda,9.0,9.5,,9.3,8.7,7.9,8.7,,,
Agoda,9.2,9.3,,9.3,9.2,8.4,9.1,,,
Agoda,9.1,9.2,,9.3,9.5,8.1,9.1,,,
Agoda,8.7,9.2,,9.1,8.9,8.2,8.6,,,
Agoda,9.0,9.1,,8.6,9.3,8.3,8.9,,,
Agoda,8.9,9.6,,8.9,8.6,8.3,9.1,,,
Agoda,9.2,9.0,,9.6,9.2,8.4,8.8,,,
Agoda,9.2,9.2,,9.3,9.3,8.6,8.7,,,
Agoda,8.7,8.6,,9.1,8.7,8.3,8.6,,,
Agoda,8.7,8.8,,9.5,9.0,8.5,9.2,,,
Agoda,8.8,8.6,,8.9,9.3,8.4,9.2,,,
Agoda,8.8,9.4,,9.1,8.2,8.7,8.8,,,
Agoda,8.9,8.2,,9.2,9.5,8.3,9.1,,,
Agoda,8.8,8.9,,9.1,9.2,8.4,8.0,,,
Agoda,8.7,8.1,,9.2,9.3,8.3,9.3,,,
Agoda,8.9,8.8,,9.1,9.0,8.4,8.9,,,
Agoda,8.6,8.9,,8.8,8.6,8.2,8.9,,,
Agoda,9.1,9.4,,9.3,9.3,8.1,8.8,,,
Agoda,8.7,9.1,,8.8,9.1,8.6,9.3,,,
Agoda,8.7,8.8,,9.2,9.1,8.1,8.6,,,
Agoda,9.3,9.3,,9.6,9.4,8.3,9.3,,,
Agoda,8.9,9.0,,9.1,9.3,8.7,9.0,,,
Agoda,9.2,9.0,,8.8,9.7,8.3,9.1,,,
Agoda,9.0,8.6,,9.2,9.1,8.6,8.8,,,
Agoda,8.6,8.7,,9.0,8.9,8.2,8.5,,,
Agoda,9.3,8.8,,9.4,9.0,8.1,9.2,,,
Agoda,9.1,9.0,,9.2,9.2,7.9,9.0,,,
Agoda,9.1,9.0,,9.7,9.4,8.8,9.3,,,
Agoda,9.1,9.5,,9.5,8.7,8.1,8.8,,,
Agoda,9.0,9.1,,9.2,9.1,8.6,8.8,,,
Agoda,8.8,8.2,,9.4,9.6,8.1,9.3,,,
Agoda,8.9,9.1,,9.1,9.0,8.8,9.5,,,
Agoda,9.2,8.6,,9.2,9.4,9.1,8.9,,,
Agoda,8.7,8.7,,9.1,9.2,7.9,8.7,,,
Agoda,8.9,8.8,,9.4,9.4,8.1,9.1,,,
Agoda,8.8,8.8,,9.6,8.9,8.6,8.8,,,
Agoda,8.8,8.6,,9.4,8.9,8.6,9.1,,,
Agoda,9.0,9.1,,9.5,9.1,8.6,8.8,,,
Agoda,8.8,8.6,,9.5,8.6,8.2,9.4,,,
Agoda,8.7,9.1,,9.4,9.0,9.0,8.7,,,
Agoda,9.1,9.7,,8.9,9.2,8.4,9.0,,,
Agoda,8.9,8.6,,9.7,9.6,8.0,8.8,,,
Agoda,9.2,8.9,,9.7,9.2,8.3,8.8,,,
Agoda,9.1,8.2,,9.1,9.3,8.0,8.8,,,
Agoda,9.0,8.9,,9.1,9.4,8.9,9.1,,,
Agoda,8.7,9.2,,9.4,8.8,8.2,9.2,,,
Agoda,9.1,9.2,,9.4,9.1,8.5,9.1,,,
Agoda,9.0,9.0,,9.1,9.8,8.3,8.9,,,
Agoda,9.2,9.3,,8.8,9.1,8.2,8.9,,,
Agoda,9.4,9.8,,9.3,9.4,7.8,9.2,,,
Agoda,9.4,9.5,,9.4,9.4,8.6,9.2,,,
Agoda,8.7,8.8,,9.4,8.7,8.8,8.1,,,
Agoda,8.9,8.6,,9.3,9.2,8.1,8.8,,,
Agoda,8.8,8.9,,9.1,9.1,7.9,8.8,,,
Agoda,9.0,8.7,,9.5,9.2,8.6,9.1,,,
Agoda,8.6,9.1,,9.2,8.9,7.9,8.9,,,
Agoda,9.0,8.6,,9.1,8.8,8.8,9.1,,,
Agoda,8.8,9.0,,9.1,9.0,8.1,8.6,,,
Agoda,8.8,9.3,,8.7,9.1,8.1,9.0,,,
Agoda,9.0,9.0,,9.1,9.5,8.5,9.2,,,
Agoda,8.8,8.7,,9.4,9.6,8.1,8.5,,,
Agoda,9.2,9.4,,9.3,9.5,8.2,9.7,,,
Agoda,8.8,8.4,,9.7,9.4,8.5,9.3,,,
Agoda,8.8,8.9,,9.1,8.8,7.7,8.9,,,
Agoda,8.9,9.0,,9.3,9.0,8.9,8.7,,,
Agoda,8.7,9.0,,9.4,9.2,8.4,8.8,,,
Agoda,9.2,9.1,,9.9,8.9,8.0,8.9,,,
Agoda,8.9,9.2,,9.2,9.3,8.1,9.0,,,
Agoda,8.9,9.0,,8.9,9.3,8.7,9.4,,,
Agoda,9.2,8.9,,9.5,9.3,8.6,8.8,,,
Agoda,9.5,8.9,,9.8,9.4,8.8,9.1,,,
Agoda,8.5,8.8,,9.1,8.8,8.2,8.5,,,
Agoda,9.0,9.2,,9.5,9.4,8.5,8.8,,,
Agoda,8.8,8.8,,9.6,8.9,8.5,9.0,,,
Agoda,9.2,9.3,,9.5,8.8,8.6,9.1,,,
Agoda,9.3,9.0,,9.2,9.3,8.7,8.7,,,
Agoda,8.7,8.8,,9.0,9.5,8.2,8.8,,,
Agoda,9.3,9.2,,9.2,9.2,8.4,9.3,,,
Agoda,8.8,8.8,,9.3,9.1,8.2,9.2,,,
Agoda,9.1,9.2,,9.5,9.2,8.4,9.0,,,
Agoda,8.8,9.1,,9.3,9.1,8.6,8.2,,,
Agoda,8.8,8.8,,9.1,8.8,7.9,9.7,,,
Agoda,9.0,9.2,,9.4,8.7,8.7,8.9,,,
Agoda,8.9,9.2,,9.5,9.1,8.1,8.8,,,
Agoda,9.0,9.3,,9.3,9.1,8.3,8.7,,,
Agoda,8.9,9.3,,8.9,9.1,8.8,9.0,,,
Agoda,8.9,9.1,,9.1,9.3,8.5,9.0,,,
Agoda,9.0,8.7,,9.5,9.0,8.5,9.2,,,
Agoda,9.2,9.7,,8.8,9.3,8.0,8.6,,,
Agoda,8.6,8.6,,8.6,9.1,8.1,8.8,,,
Agoda,9.4,9.3,,9.7,9.6,8.7,9.5,,,
Agoda,9.1,9.1,,9.4,9.1,8.2,9.0,,,
Agoda,9.1,8.6,,9.4,9.8,8.3,8.8,,,
Agoda,8.8,9.0,,8.9,9.2,8.7,8.6,,,
Agoda,8.8,9.0,,9.4,9.0,8.1,9.1,,,
Agoda,8.9,9.4,,9.3,8.8,8.5,9.2,,,
Agoda,9.0,8.8,,8.7,8.7,8.4,9.2,,,
Agoda,9.0,8.9,,9.6,8.8,8.4,8.8,,,
Agoda,8.7,8.3,,9.2,8.8,8.2,9.0,,,
Agoda,9.1,9.5,,9.1,9.2,8.2,9.4,,,
Agoda,8.6,8.7,,9.1,8.9,8.1,9.2,,,
Agoda,9.2,9.1,,8.6,9.2,8.5,8.7,,,
Agoda,9.0,9.0,,9.4,9.5,8.2,8.1,,,
Agoda,9.1,9.0,,9.3,9.1,8.7,9.0,,,
Agoda,8.9,9.2,,9.1,9.7,8.3,9.1,,,
Agoda,9.1,9.5,,9.6,8.7,8.1,8.6,,,
Agoda,8.8,9.1,,8.8,9.1,8.3,8.9,,,
Agoda,8.7,9.2,,9.0,8.9,8.3,8.8,,,
Agoda,8.9,9.1,,8.9,9.4,8.7,8.9,,,
Agoda,8.6,9.3,,9.1,8.4,8.3,8.7,,,
Agoda,8.6,8.9,,9.2,8.7,8.3,9.3,,,
Agoda,9.1,9.3,,9.3,9.1,8.8,8.9,,,
Agoda,9.1,9.3,,9.1,9.6,8.6,8.6,,,
Agoda,9.2,9.3,,8.9,9.2,8.9,9.2,,,
Agoda,9.2,8.8,,9.7,8.7,8.8,8.5,,,
Agoda,8.9,8.9,,9.9,8.7,8.1,9.3,,,
Agoda,8.8,9.1,,9.2,9.6,8.7,9.2,,,
Agoda,8.8,8.6,,9.0,8.9,8.9,9.3,,,
Agoda,9.3,9.5,,9.6,8.8,8.9,8.9,,,
Agoda,9.0,9.0,,8.8,9.5,8.7,8.8,,,
Agoda,9.3,9.1,,9.1,9.4,8.7,8.9,,,
Agoda,9.0,8.8,,9.0,9.5,8.3,8.9,,,
Agoda,8.3,8.6,,8.9,8.8,8.1,8.7,,,
Agoda,8.7,8.8,,9.1,8.6,8.3,8.7,,,
Agoda,8.8,9.1,,8.9,9.1,7.9,8.8,,,
Agoda,9.2,9.2,,9.2,9.2,8.8,8.5,,,
Agoda,9.2,9.0,,9.2,9.2,8.3,9.1,,,
Agoda,9.2,9.1,,9.0,9.5,8.8,8.9,,,
Agoda,8.7,8.9,,9.1,8.6,8.0,8.8,,,
Agoda,9.1,9.1,,9.1,9.4,8.7,8.6,,,
Agoda,8.9,9.4,,9.4,8.8,8.3,8.6,,,
Agoda,8.8,9.2,,9.2,9.4,8.0,9.5,,,
Agoda,9.1,9.2,,9.4,9.0,8.9,8.7,,,
Agoda,9.1,9.1,,9.4,8.9,8.7,9.1,,,
Agoda,8.6,8.5,,9.4,8.9,8.5,8.9,,,
Agoda,9.0,8.7,,9.6,8.7,8.4,8.1,,,
Agoda,9.1,9.1,,8.9,9.1,8.5,9.4,,,
Agoda,8.7,9.0,,9.1,8.9,8.5,9.1,,,
Agoda,9.3,9.1,,9.7,9.3,8.2,8.7,,,
Agoda,9.0,9.5,,9.1,9.3,8.3,8.9,,,
Agoda,8.9,9.2,,8.4,9.6,9.0,8.6,,,
Agoda,9.4,9.4,,9.1,9.2,9.2,9.4,,,
Agoda,9.0,9.0,,9.2,9.3,8.9,8.6,,,
Agoda,9.1,8.8,,8.4,9.5,8.5,8.7,,,
Agoda,8.8,9.0,,9.6,8.9,8.3,8.7,,,
Agoda,8.4,8.8,,9.0,8.7,8.2,8.9,,,
Agoda,9.1,9.5,,9.3,9.2,8.2,9.3,,,
Agoda,9.0,9.2,,9.1,8.7,8.2,9.4,,,
Agoda,9.1,9.2,,8.8,9.8,9.0,8.8,,,
Agoda,9.0,9.4,,8.9,9.5,8.9,9.0,,,
Agoda,8.9,8.4,,8.9,9.7,8.6,8.9,,,
Agoda,8.7,9.2,,9.5,9.1,8.1,8.6,,,
Agoda,9.1,8.6,,9.2,9.3,8.7,9.6,,,
Agoda,8.8,9.0,,9.0,9.0,8.3,9.3,,,
Agoda,8.9,8.9,,8.9,9.4,7.8,9.0,,,
Agoda,8.8,9.2,,9.6,8.7,8.5,9.4,,,
Agoda,9.0,9.1,,9.6,8.3,8.1,9.3,,,
Agoda,9.0,9.4,,9.6,8.9,8.2,8.9,,,
Agoda,8.9,8.8,,9.3,8.7,8.3,9.0,,,
Agoda,9.3,9.2,,9.3,9.5,8.3,9.4,,,
Agoda,8.8,9.0,,8.8,9.6,8.4,8.6,,,
Agoda,8.9,8.5,,9.1,8.7,8.4,9.4,,,
Agoda,8.6,8.7,,9.0,9.5,7.8,8.8,,,
Agoda,8.9,9.0,,8.7,9.4,8.9,9.4,,,
Agoda,9.2,9.3,,9.5,8.6,8.1,8.9,,,
Agoda,9.0,9.1,,9.0,9.0,8.1,9.0,,,
Agoda,9.2,8.6,,9.6,8.9,8.3,8.9,,,
Agoda,9.0,9.0,,9.5,9.3,8.4,8.7,,,
Agoda,9.1,9.6,,9.4,8.7,8.8,8.8,,,
Agoda,9.1,9.0,,9.4,9.1,8.5,9.3,,,
Agoda,8.8,8.9,,9.0,8.9,8.6,8.2,,,
Agoda,9.0,9.1,,9.8,9.2,8.5,8.5,,,
Agoda,8.8,9.2,,9.2,9.0,8.5,8.7,,,
Agoda,8.9,8.9,,9.3,8.9,8.5,8.6,,,
Agoda,8.7,9.2,,9.0,9.0,7.8,9.4,,,
Agoda,8.9,8.9,,8.9,9.7,8.3,9.3,,,
Agoda,9.1,9.2,,9.3,9.0,8.7,9.1,,,
Agoda,9.1,9.1,,9.3,8.8,9.6,8.7,,,
Agoda,9.1,9.1,,9.0,9.3,8.0,9.3,,,
Agoda,8.7,8.8,,8.8,9.1,8.5,8.4,,,
Agoda,8.6,8.8,,8.8,8.7,8.2,9.5,,,
Agoda,9.4,9.3,,9.6,9.8,9.0,8.7,,,
Agoda,8.7,9.0,,9.0,9.0,8.0,8.8,,,
Agoda,8.8,9.1,,9.1,9.0,8.6,8.8,,,
Agoda,8.8,8.9,,9.6,9.1,8.0,8.6,,,
Agoda,9.1,9.3,,8.9,9.6,8.3,9.5,,,
Agoda,9.0,8.8,,9.0,8.6,8.4,9.1,,,
Agoda,8.8,9.0,,9.0,9.2,8.7,9.3,,,
Agoda,9.3,9.2,,9.7,9.7,8.1,8.5,,,
Agoda,9.3,9.4,,9.8,9.1,8.6,9.0,,,
Agoda,9.1,8.8,,9.4,8.7,8.4,9.1,,,
Agoda,9.6,9.6,,9.4,8.9,8.5,9.0,,,
Agoda,9.2,9.1,,9.0,9.2,8.7,8.6,,,
Agoda,9.2,8.7,,9.8,9.5,8.0,9.2,,,
Agoda,8.8,9.1,,9.3,9.0,8.6,8.9,,,
Agoda,8.8,8.9,,9.5,9.3,8.2,8.6,,,
Agoda,8.9,9.1,,9.2,8.7,8.7,8.3,,,
Agoda,8.6,9.0,,9.1,8.7,8.5,9.1,,,
Agoda,9.2,9.0,,9.7,9.0,8.3,9.6,,,
Agoda,8.6,8.7,,9.4,9.5,8.2,8.6,,,
Agoda,9.3,9.3,,9.6,9.1,8.6,9.0,,,
Agoda,9.0,8.7,,9.3,9.2,8.8,9.2,,,
Agoda,8.8,8.7,,8.9,9.2,8.2,8.5,,,
Agoda,8.8,9.1,,9.0,9.4,8.1,8.8,,,
Agoda,8.7,9.5,,9.2,8.9,8.6,8.6,,,
Agoda,9.1,8.9,,9.0,9.3,8.0,9.2,,,
Agoda,9.0,9.2,,8.9,8.9,8.0,9.3,,,
Agoda,9.1,9.3,,9.6,9.7,8.1,8.9,,,
Agoda,8.9,9.2,,9.0,8.9,8.3,8.6,,,
Agoda,8.7,8.9,,9.2,8.8,8.0,8.8,,,
Agoda,8.8,8.7,,9.3,9.3,7.8,8.7,,,
Agoda,8.7,8.3,,9.0,9.1,8.1,8.6,,,
Agoda,9.1,8.9,,9.6,9.2,8.6,8.9,,,
Agoda,9.1,9.4,,8.9,9.2,8.0,9.1,,,
Agoda,8.9,8.7,,9.3,8.8,8.3,9.0,,,
Agoda,9.3,9.2,,9.3,9.6,9.0,8.9,,,
Agoda,8.8,8.7,,9.2,9.4,8.4,8.9,,,
Agoda,8.9,9.0,,8.8,9.5,8.5,8.9,,,
Agoda,9.0,9.2,,9.5,8.9,8.1,8.5,,,
Agoda,8.8,8.8,,9.4,9.2,9.0,8.9,,,
Agoda,9.1,9.1,,9.0,9.2,8.2,8.7,,,
Agoda,8.9,8.9,,9.4,9.4,8.3,8.5,,,
Agoda,9.0,9.2,,9.3,9.4,8.8,9.0,,,
Agoda,8.7,9.1,,8.8,9.2,8.3,8.7,,,
Agoda,8.9,9.0,,8.9,8.6,8.4,9.0,,,
Agoda,9.3,9.5,,9.5,9.6,8.3,9.2,,,
Agoda,9.2,9.2,,9.3,9.3,8.3,8.6,,,
Agoda,8.6,8.8,,9.0,8.9,8.5,8.9,,,
Agoda,8.8,9.0,,8.9,9.2,8.6,8.4,,,
Agoda,8.8,9.0,,9.0,8.6,8.2,9.4,,,
Agoda,8.8,9.0,,9.1,9.4,8.2,8.5,,,
Agoda,8.9,9.8,,8.9,8.7,8.2,8.7,,,
Agoda,8.8,9.1,,8.7,9.0,8.0,9.3,,,
Agoda,8.8,8.4,,9.5,9.2,7.9,8.8,,,
Agoda,9.2,8.8,,9.5,9.4,8.5,8.5,,,
Agoda,8.6,8.4,,8.8,9.1,8.7,9.1,,,
Agoda,9.1,8.9,,9.2,9.3,8.7,9.1,,,
Agoda,8.5,8.4,,8.9,9.1,7.7,8.7,,,
Agoda,8.9,8.7,,9.1,9.1,8.3,8.7,,,
Agoda,8.8,8.5,,9.1,9.1,8.1,8.8,,,
Agoda,8.8,9.1,,9.1,9.0,8.4,8.8,,,
Agoda,8.7,9.0,,9.8,8.6,8.3,8.3,,,
Agoda,9.0,9.1,,9.1,8.9,8.6,8.8,,,
Agoda,9.0,9.0,,9.0,9.2,8.4,9.4,,,
Agoda,8.6,8.6,,9.0,9.0,7.8,8.6,,,
Agoda,9.1,9.2,,9.5,9.1,8.1,8.7,,,
Agoda,9.0,9.6,,8.7,9.0,8.4,8.5,,,
Agoda,8.8,9.1,,9.0,8.8,8.4,9.1,,,
Agoda,8.8,8.9,,9.6,9.0,8.0,9.3,,,
Agoda,8.6,8.6,,9.3,9.0,7.9,9.3,,,
Agoda,8.8,8.7,,9.3,9.1,8.4,8.5,,,
Agoda,8.8,9.1,,9.8,9.2,8.0,9.0,,,
Agoda,9.0,9.3,,9.3,9.0,7.9,9.3,,,
Agoda,9.0,9.1,,9.0,8.8,8.3,9.1,,,
Agoda,8.8,9.2,,9.1,8.7,8.3,9.0,,,
Agoda,9.0,9.2,,8.9,9.9,8.1,8.8,,,
Agoda,9.3,9.2,,9.6,8.8,8.2,9.0,,,
Agoda,9.1,8.8,,9.4,8.9,8.4,9.3,,,
Agoda,8.9,9.1,,9.5,9.3,8.2,9.0,,,
Agoda,8.9,8.7,,9.6,9.2,8.4,8.5,,,
Agoda,9.0,9.0,,9.1,9.3,8.3,8.8,,,
Agoda,9.0,9.1,,8.9,9.0,8.5,9.3,,,
Agoda,9.4,9.5,,9.2,9.2,8.7,9.0,,,
Agoda,8.8,8.6,,8.9,9.1,8.7,8.9,,,
Agoda,9.0,9.1,,9.2,9.0,8.8,8.7,,,
Agoda,9.3,9.4,,9.5,9.2,8.7,9.3,,,
Agoda,9.3,9.2,,9.1,9.4,8.5,9.4,,,
Agoda,9.1,9.2,,9.2,9.1,8.3,9.3,,,
Agoda,9.1,9.2,,9.2,9.1,8.3,9.3,,,
Agoda,8.8,9.4,,9.4,9.4,8.1,8.8,,,
Agoda,8.8,8.7,,9.0,9.4,8.4,8.7,,,
Agoda,9.0,8.6,,8.5,9.6,8.6,8.9,,,
Agoda,8.8,9.0,,9.3,8.6,8.2,8.9,,,
Agoda,9.1,8.4,,9.5,9.4,8.4,9.3,,,
Agoda,9.4,9.4,,9.3,9.3,8.2,9.2,,,
Agoda,8.8,9.4,,9.0,8.8,8.5,9.1,,,
Agoda,9.0,8.9,,8.9,9.2,8.2,8.5,,,
Agoda,8.9,8.9,,9.3,9.4,8.2,8.4,,,
Agoda,9.0,9.0,,9.2,8.9,8.2,9.0,,,
Agoda,9.0,9.0,,9.2,9.2,8.6,9.2,,,
Agoda,9.4,9.0,,9.7,9.4,8.4,8.9,,,
Agoda,8.9,9.2,,8.9,8.8,8.3,9.5,,,
Agoda,8.9,8.9,,9.7,9.1,8.5,8.6,,,
Agoda,9.0,9.3,,9.2,9.2,8.3,8.5,,,
Agoda,8.9,9.1,,8.6,8.9,8.7,8.7,,,
Agoda,8.9,8.8,,9.1,8.8,8.1,8.7,,,
Agoda,9.2,9.4,,9.5,9.1,8.3,9.1,,,
Agoda,9.1,8.6,,9.1,9.3,8.0,8.8,,,
Agoda,8.8,9.0,,8.8,9.3,8.3,8.4,,,
Agoda,8.9,9.3,,9.2,8.8,7.9,9.2,,,
Agoda,8.8,8.8,,8.9,9.3,8.6,8.4,,,
Agoda,8.9,9.1,,9.3,8.8,8.6,8.6,,,
Agoda,8.9,9.2,,9.4,8.6,8.6,8.4,,,
Agoda,8.8,8.7,,8.9,9.0,8.4,9.0,,,
Agoda,8.9,9.0,,9.0,9.4,8.1,9.0,,,
Agoda,9.0,9.0,,9.4,9.3,8.2,9.5,,,
Agoda,8.8,8.8,,8.9,9.1,8.9,9.2,,,
Agoda,9.1,9.7,,8.9,9.0,8.8,9.3,,,
Agoda,9.0,8.8,,8.8,9.0,8.4,9.0,,,
Agoda,9.2,9.3,,9.3,9.1,8.2,8.6,,,
Agoda,8.9,8.9,,9.3,8.8,8.8,8.9,,,
Agoda,8.6,8.7,,9.0,9.0,8.2,9.1,,,
Agoda,8.9,9.0,,9.2,9.0,8.5,9.1,,,
Agoda,9.4,9.2,,9.7,8.7,8.8,8.8,,,
Agoda,9.0,9.3,,8.9,8.8,8.1,9.0,,,
Agoda,9.1,9.5,,8.6,9.2,8.6,8.6,,,
Agoda,9.3,9.9,,9.3,9.1,8.6,8.6,,,
Agoda,9.1,9.1,,9.2,9.0,8.4,8.6,,,
Agoda,8.5,8.8,,9.0,8.8,8.1,8.9,,,
Agoda,9.0,9.1,,9.4,9.6,8.2,8.5,,,
Agoda,8.8,8.9,,9.5,8.8,8.5,8.8,,,
Agoda,8.9,9.3,,8.5,9.2,8.0,9.2,,,
Agoda,8.8,8.6,,9.0,9.0,8.4,8.6,,,
Agoda,9.4,9.7,,9.9,9.1,8.6,8.7,,,
Agoda,9.1,9.3,,9.4,9.2,8.7,8.9,,,
Agoda,8.9,8.5,,9.4,8.7,8.0,9.0,,,
Agoda,9.0,8.8,,9.6,9.1,8.8,8.8,,,
Agoda,9.3,9.2,,9.2,9.5,8.9,9.1,,,
Agoda,9.4,9.4,,9.4,9.6,8.5,9.1,,,
Agoda,9.0,8.6,,9.4,9.1,8.1,9.2,,,
Agoda,9.1,9.2,,9.4,9.1,8.3,8.9,,,
Agoda,9.0,8.4,,9.1,9.8,8.4,8.7,,,
Agoda,9.3,9.0,,9.3,9.4,8.5,8.7,,,
Agoda,9.0,9.3,,9.0,8.9,8.4,9.0,,,
Agoda,8.7,8.8,,9.2,8.9,8.5,8.8,,,
Agoda,8.9,8.5,,8.8,9.4,8.4,8.7,,,
Agoda,8.8,9.0,,9.0,8.8,8.5,8.8,,,
Agoda,8.5,8.8,,9.1,9.4,8.3,8.7,,,
Agoda,9.0,9.2,,8.9,9.2,8.3,9.0,,,
Agoda,8.8,8.7,,9.0,9.3,8.2,8.5,,,
Agoda,9.2,8.8,,9.2,9.0,9.0,9.0,,,
Agoda,8.7,8.4,,9.3,8.9,8.8,9.1,,,
Agoda,8.9,9.1,,9.5,9.5,8.6,8.7,,,
Agoda,9.1,9.0,,9.1,9.0,8.8,9.5,,,
Agoda,9.0,8.6,,9.6,9.0,8.6,8.9,,,
Agoda,9.0,9.1,,9.5,9.1,8.5,8.4,,,
Agoda,9.0,9.3,,9.4,9.2,7.9,8.8,,,
Agoda,8.7,8.9,,9.2,8.8,8.3,8.9,,,
Agoda,8.9,9.1,,9.3,8.9,8.3,9.0,,,
Agoda,8.9,9.1,,9.6,8.9,8.1,8.8,,,
Agoda,9.0,8.6,,9.6,9.4,8.0,8.6,,,
Agoda,9.1,9.6,,9.6,8.8,8.5,8.6,,,
Agoda,8.7,8.9,,9.2,8.6,8.5,8.7,,,
Agoda,9.0,9.2,,9.4,8.5,8.0,8.7,,,
Agoda,8.9,9.2,,9.6,8.7,8.2,8.6,,,
Agoda,9.1,9.0,,9.0,9.5,8.7,8.7,,,
Agoda,8.9,9.2,,9.1,9.1,8.1,9.1,,,
Agoda,9.3,9.1,,9.2,9.3,8.5,9.4,,,
Agoda,9.0,8.6,,9.5,9.3,8.3,9.1,,,
Agoda,9.1,8.9,,9.5,9.1,8.6,9.3,,,
Agoda,8.8,8.8,,9.1,9.1,8.1,9.2,,,
Agoda,8.9,8.9,,8.7,9.4,8.4,9.1,,,
Agoda,9.0,8.6,,9.3,9.1,8.5,8.8,,,
Agoda,9.2,9.3,,8.9,9.5,8.5,8.9,,,
Agoda,9.0,9.5,,8.8,9.3,8.4,8.8,,,
Agoda,9.1,9.3,,8.8,8.9,8.5,8.8,,,
Agoda,9.3,9.4,,9.3,9.0,9.1,8.9,,,
Agoda,9.1,8.9,,9.6,8.9,9.2,9.1,,,
Agoda,8.7,8.8,,9.2,9.5,8.2,9.0,,,
Agoda,8.7,8.8,,9.3,9.0,7.7,8.9,,,
Agoda,9.1,9.2,,9.6,8.9,8.6,8.9,,,
Agoda,9.0,9.1,,8.7,9.2,8.5,9.0,,,
Agoda,9.3,9.0,,9.4,9.1,8.7,9.1,,,
Agoda,8.9,9.4,,9.2,9.2,8.5,8.4,,,
Agoda,9.1,9.1,,9.4,9.7,8.4,8.6,,,
Agoda,8.8,8.7,,9.1,9.4,8.7,9.2,,,
Agoda,8.7,8.8,,9.0,9.1,8.8,8.9,,,
Agoda,8.7,9.2,,9.2,8.7,8.0,8.8,,,
Agoda,9.1,9.3,,9.7,9.0,8.2,8.8,,,
Agoda,9.2,9.2,,9.5,9.3,8.4,8.8,,,
Agoda,8.8,9.6,,9.0,8.7,8.4,9.1,,,
Agoda,9.0,9.5,,8.8,9.7,8.3,8.6,,,
Agoda,8.6,9.1,,8.7,9.1,8.5,8.9,,,
Agoda,9.0,8.7,,9.6,9.1,8.7,9.0,,,
Agoda,8.7,8.6,,8.9,8.9,8.9,9.0,,,
Agoda,9.2,8.9,,9.1,9.2,8.6,9.0,,,
Agoda,9.0,9.2,,9.6,8.8,8.1,9.1,,,
Agoda,9.1,9.5,,8.7,9.7,8.4,8.7,,,
Agoda,9.0,9.1,,9.6,9.5,8.4,8.6,,,
Agoda,9.0,9.4,,9.1,9.4,8.6,9.6,,,
Agoda,8.6,8.9,,8.9,8.7,8.5,8.8,,,
Agoda,9.0,9.2,,9.1,9.2,9.0,8.8,,,
Agoda,8.9,9.2,,9.0,9.5,8.3,9.1,,,
Agoda,8.8,8.4,,9.3,9.3,8.5,9.4,,,
Agoda,9.0,8.9,,9.0,8.8,9.1,8.7,,,
Agoda,8.8,9.3,,8.6,8.9,8.2,8.6,,,
Agoda,8.8,9.1,,9.1,9.0,8.4,8.5,,,
Agoda,9.0,8.6,,8.8,8.9,8.1,9.4,,,
Agoda,8.6,8.3,,9.3,9.6,8.4,8.6,,,
Agoda,8.6,8.9,,8.8,8.5,8.2,8.9,,,
Agoda,9.0,9.0,,9.1,9.3,8.7,8.6,,,
Agoda,8.7,8.7,,9.3,8.7,8.4,8.5,,,
Agoda,8.7,9.0,,9.1,8.8,8.1,8.8,,,
Agoda,8.9,9.2,,9.3,8.5,8.7,8.6,,,
Agoda,8.9,9.2,,9.4,8.9,8.5,8.7,,,
Agoda,8.9,8.3,,8.9,9.6,8.7,9.5,,,
Agoda,8.6,8.6,,9.2,9.2,8.1,9.0,,,
Agoda,8.4,8.9,,8.2,8.7,8.5,9.2,,,
Agoda,9.1,9.2,,9.3,9.4,8.6,9.1,,,
Agoda,9.0,9.1,,9.1,9.5,8.3,8.9,,,
Agoda,8.8,9.1,,8.9,9.1,8.0,8.8,,,
Agoda,9.1,8.9,,9.3,9.7,8.4,9.0,,,
Agoda,9.1,8.9,,9.6,9.3,8.8,9.0,,,
Agoda,8.9,8.8,,9.1,9.3,8.7,8.7,,,
Agoda,8.7,9.2,,8.9,8.9,8.3,8.9,,,
Agoda,9.0,8.7,,9.2,9.3,8.0,8.7,,,
Agoda,8.8,9.3,,8.8,9.2,8.3,8.8,,,
Agoda,8.9,9.1,,9.0,9.3,8.3,8.8,,,
Agoda,8.8,9.0,,9.6,8.9,8.5,8.5,,,
Agoda,8.7,8.8,,9.2,9.1,8.4,8.2,,,
Agoda,8.6,8.6,,8.6,8.9,8.2,8.6,,,
Agoda,8.7,8.8,,8.7,8.5,8.7,9.4,,,
Agoda,8.9,8.9,,9.2,9.4,8.4,8.8,,,
Agoda,8.7,8.3,,9.5,8.6,8.5,9.1,,,
Agoda,8.5,8.9,,8.7,9.1,7.9,8.3,,,
Agoda,8.9,9.3,,9.3,9.2,7.7,8.6,,,
Agoda,9.3,9.2,,9.6,9.2,8.0,8.5,,,
Agoda,8.8,8.9,,9.8,9.0,8.3,8.8,,,
Agoda,9.1,9.0,,9.3,9.2,8.6,9.6,,,
Agoda,8.8,8.8,,9.4,9.2,7.7,9.0,,,
Agoda,9.1,9.0,,8.6,9.3,8.9,9.4,,,
Agoda,9.4,9.5,,9.8,9.6,8.5,8.8,,,
Agoda,9.1,9.3,,9.0,9.2,8.8,9.3,,,
Agoda,8.9,9.2,,8.9,9.1,8.1,9.5,,,
Agoda,8.8,8.9,,9.1,8.8,8.6,8.9,,,
Agoda,9.0,9.2,,9.7,9.2,8.4,8.7,,,
Agoda,9.0,8.5,,9.9,9.3,8.6,8.5,,,
Agoda,8.7,8.9,,9.2,9.0,8.3,8.8,,,
Agoda,9.0,9.2,,9.5,9.3,8.5,8.9,,,
Agoda,9.2,9.2,,9.2,9.0,8.7,9.5,,,
Agoda,8.9,9.2,,8.9,9.3,8.2,8.5,,,
Agoda,9.3,9.1,,9.6,9.4,8.5,8.9,,,
Agoda,9.0,8.9,,9.0,9.4,7.8,8.4,,,
Agoda,9.1,9.2,,9.7,9.1,8.6,8.8,,,
Agoda,9.0,8.7,,9.6,8.8,9.0,9.0,,,
Agoda,8.7,8.7,,9.4,8.9,8.0,9.1,,,
Agoda,9.0,9.0,,9.7,9.3,8.4,9.1,,,
Agoda,9.2,9.1,,9.9,9.8,8.7,9.0,,,
Agoda,8.9,8.5,,9.1,9.0,8.4,9.1,,,
Agoda,9.0,9.1,,9.0,9.2,8.4,8.9,,,
Agoda,9.0,9.2,,8.6,8.9,8.3,8.6,,,
Agoda,9.1,9.0,,9.9,8.8,8.3,8.3,,,
Agoda,8.9,9.7,,9.1,8.9,8.4,8.7,,,
Agoda,8.9,8.8,,9.5,8.5,8.4,8.9,,,
Agoda,8.9,8.9,,9.0,9.5,8.0,9.3,,,
Agoda,9.0,8.9,,9.7,8.4,8.4,8.9,,,
Agoda,8.9,9.0,,9.0,9.0,8.9,8.8,,,
Agoda,8.6,8.9,,8.8,8.7,8.3,9.0,,,
Agoda,8.5,8.6,,9.1,8.8,8.0,8.8,,,
Agoda,8.9,8.8,,9.0,9.5,8.4,9.1,,,
Agoda,8.9,9.0,,9.4,9.2,8.2,9.5,,,
Agoda,8.9,9.4,,9.2,8.8,8.0,9.6,,,
Agoda,9.2,9.7,,9.4,8.9,8.4,8.9,,,
Agoda,9.2,9.4,,9.1,8.9,8.2,9.0,,,
Agoda,8.7,8.8,,9.0,9.1,8.2,9.4,,,
Agoda,9.1,8.8,,9.0,9.2,8.4,8.9,,,
Agoda,9.1,9.0,,9.8,9.7,7.9,9.1,,,
Agoda,8.9,9.5,,9.3,8.5,7.9,8.6,,,
Agoda,8.6,9.0,,8.6,9.1,8.6,8.8,,,
Agoda,8.8,8.6,,9.0,9.0,7.8,9.2,,,
Agoda,8.6,8.8,,9.2,9.4,8.1,8.7,,,
Agoda,9.1,9.2,,9.8,9.2,7.9,8.9,,,
Agoda,9.1,9.2,,9.5,9.3,8.3,8.4,,,
Agoda,9.0,8.9,,8.9,9.2,8.5,9.5,,,
Agoda,9.0,9.2,,9.9,8.8,8.4,9.3,,,
Agoda,9.1,8.3,,9.2,9.5,9.1,9.0,,,
Agoda,9.2,9.0,,9.6,9.3,8.7,9.1,,,
Agoda,8.9,9.3,,8.9,9.4,8.1,9.0,,,
Agoda,8.9,8.8,,8.5,9.5,8.0,9.3,,,
Agoda,8.9,8.7,,8.8,9.2,9.2,8.7,,,
Agoda,8.8,8.4,,8.2,9.5,8.7,9.1,,,
Agoda,9.3,9.5,,9.8,9.2,8.6,9.2,,,
Agoda,9.0,8.8,,9.3,9.0,8.4,9.3,,,
Agoda,8.9,9.1,,8.9,9.1,8.5,8.2,,,
Agoda,8.8,9.2,,9.3,9.1,8.0,8.7,,,
Agoda,8.8,9.5,,9.3,8.9,8.4,8.6,,,
Agoda,9.1,9.0,,9.4,9.6,8.4,8.9,,,
Agoda,9.0,8.8,,9.6,9.2,8.1,8.3,,,
Agoda,8.9,9.1,,9.1,9.1,8.2,8.3,,,
Agoda,9.2,9.4,,8.9,9.2,8.9,9.6,,,
Agoda,9.2,8.9,,9.4,10.0,8.4,9.1,,,
Agoda,9.1,8.7,,9.4,8.8,9.0,8.9,,,
Agoda,8.6,8.5,,9.2,8.8,7.9,9.0,,,
Agoda,8.8,8.6,,9.9,8.7,8.2,8.9,,,
Agoda,9.1,9.3,,9.1,9.0,7.9,9.2,,,
Agoda,8.7,8.9,,8.9,9.2,8.0,8.7,,,
Agoda,9.0,8.8,,9.3,9.0,8.2,9.0,,,
Agoda,9.0,8.8,,9.0,8.9,8.5,9.0,,,
Agoda,9.0,9.0,,9.3,9.1,8.5,8.6,,,
Agoda,8.6,8.9,,9.0,8.9,8.2,9.3,,,
Agoda,8.8,8.9,,9.1,9.2,7.7,8.8,,,
Agoda,9.3,9.4,,9.8,9.4,8.8,9.2,,,
Agoda,9.0,9.5,,9.1,9.3,8.3,8.9,,,
Agoda,8.9,8.5,,9.0,9.4,8.1,9.4,,,
Agoda,9.2,9.1,,9.6,9.4,8.5,8.6,,,
Agoda,8.8,8.8,,8.9,9.2,8.5,8.6,,,
Agoda,8.8,8.9,,9.0,9.1,8.3,8.6,,,
Agoda,8.9,9.1,,9.4,8.9,8.4,8.9,,,
Agoda,9.1,8.9,,9.5,9.0,8.1,9.4,,,
Agoda,9.0,9.1,,9.6,8.9,8.6,9.4,,,
Agoda,8.7,9.2,,9.0,9.3,8.1,8.2,,,
Agoda,8.8,9.1,,9.4,9.2,8.2,9.0,,,
Agoda,8.9,8.8,,9.1,9.3,8.6,7.9,,,
Agoda,8.8,8.8,,9.0,8.8,8.8,9.1,,,
Agoda,9.2,8.6,,9.6,9.5,8.9,9.2,,,
Agoda,8.7,8.7,,9.0,9.0,8.7,8.9,,,
Agoda,8.9,9.6,,9.3,8.8,8.3,8.9,,,
Agoda,8.6,8.8,,9.2,9.0,7.9,8.9,,,
Agoda,9.1,8.6,,8.9,9.8,8.8,8.7,,,
Agoda,9.2,9.1,,9.5,9.0,8.8,9.0,,,
Agoda,9.0,9.0,,9.4,9.0,8.2,8.8,,,
Agoda,8.7,8.9,,8.6,9.0,8.7,9.2,,,
Agoda,8.9,9.4,,9.3,9.1,8.3,8.9,,,
Agoda,9.0,9.2,,9.0,8.9,8.9,8.6,,,
Agoda,8.6,8.8,,9.5,9.1,8.2,8.4,,,
Agoda,8.9,8.9,,8.8,9.4,9.0,8.3,,,
Agoda,9.2,8.8,,9.1,9.2,8.6,9.3,,,
Agoda,9.0,9.3,,9.3,8.8,8.9,8.8,,,
Agoda,8.7,8.9,,9.2,9.0,8.3,9.0,,,
Agoda,8.8,8.5,,9.4,8.9,8.5,9.4,,,
Agoda,8.7,9.0,,8.7,9.1,8.1,8.7,,,
Agoda,9.4,8.5,,9.7,9.5,8.7,8.7,,,
Agoda,9.5,9.7,,9.4,9.1,8.7,8.9,,,
Agoda,9.2,8.7,,9.6,9.1,9.1,8.9,,,
Agoda,9.1,9.0,,9.5,9.6,8.5,9.5,,,
Agoda,9.3,9.1,,9.2,9.4,8.6,9.4,,,
Agoda,8.7,8.9,,8.8,9.3,8.3,9.1,,,
Agoda,9.3,8.9,,9.0,9.7,8.6,9.3,,,
Agoda,9.2,9.1,,9.7,9.2,8.3,8.8,,,
Agoda,9.0,9.5,,9.6,8.5,8.4,9.0,,,
Agoda,9.2,9.2,,9.0,9.3,8.5,8.8,,,
Agoda,8.6,9.4,,8.4,8.6,8.3,8.5,,,
Agoda,8.7,8.7,,9.1,9.2,8.4,9.3,,,
Agoda,9.0,9.1,,9.1,8.6,8.3,9.1,,,
Agoda,8.9,9.0,,9.1,9.0,8.3,8.9,,,
Agoda,9.1,9.1,,9.4,9.0,8.7,8.9,,,
Agoda,9.3,9.4,,9.5,8.9,8.5,8.4,,,
Agoda,8.8,8.9,,9.5,9.0,8.5,8.6,,,
Agoda,8.9,8.9,,9.3,9.4,8.0,9.0,,,
Agoda,9.1,9.2,,8.7,8.9,8.5,8.7,,,
Agoda,9.0,8.5,,9.1,9.3,8.6,8.8,,,
Agoda,8.9,8.9,,9.9,8.8,8.3,8.9,,,
Agoda,8.9,9.0,,9.3,9.0,9.0,8.7,,,
Agoda,8.7,8.7,,9.3,9.2,7.7,8.6,,,
Agoda,8.8,9.3,,9.3,8.8,8.6,8.4,,,
Agoda,8.9,8.7,,9.3,8.7,8.6,8.9,,,
Agoda,8.9,9.0,,8.5,9.2,8.6,9.1,,,
Agoda,9.0,9.1,,9.1,9.4,8.5,8.4,,,
Agoda,8.9,9.4,,9.2,9.1,8.6,8.9,,,
Agoda,9.0,9.0,,9.6,9.0,8.7,9.0,,,
Agoda,8.6,9.3,,9.2,9.1,8.2,8.6,,,
Agoda,9.0,9.2,,8.7,9.1,8.5,9.3,,,
Agoda,9.1,9.0,,9.3,9.2,8.3,8.8,,,
Agoda,8.3,8.7,,9.0,8.3,8.1,8.9,,,
Agoda,8.8,8.6,,8.8,8.8,8.6,8.9,,,
Agoda,8.6,9.0,,8.9,8.8,8.2,8.4,,,
Agoda,9.0,8.8,,9.4,9.1,8.0,9.2,,,
Agoda,9.1,9.3,,9.6,9.2,8.2,8.6,,,
Agoda,9.1,9.2,,9.3,9.3,8.2,8.8,,,
Agoda,9.1,8.9,,9.4,9.2,8.7,9.1,,,
Agoda,9.0,8.7,,9.3,8.7,8.4,9.3,,,
Agoda,9.2,9.2,,9.2,9.5,8.8,8.6,,,
Agoda,8.8,8.7,,9.4,9.5,8.2,8.8,,,
Agoda,8.8,8.8,,8.5,8.7,8.7,9.3,,,
Agoda,9.0,8.7,,9.2,9.2,9.3,9.0,,,
Agoda,8.9,9.0,,8.9,8.9,8.5,9.1,,,
Agoda,9.1,9.4,,9.5,9.1,8.7,8.6,,,
Agoda,8.9,9.0,,9.2,9.4,8.6,8.8,,,
Agoda,9.0,8.9,,9.2,9.7,8.0,8.8,,,
Agoda,8.8,8.5,,8.7,9.3,8.6,8.6,,,
Agoda,9.2,9.2,,9.5,9.2,8.5,8.4,,,
Agoda,8.8,8.8,,9.4,9.0,8.3,8.7,,,
Agoda,8.7,9.0,,9.4,9.2,8.1,9.3,,,
Agoda,9.0,8.9,,9.0,9.5,8.6,8.9,,,
Agoda,8.7,9.3,,9.0,9.1,8.1,9.3,,,
Agoda,9.1,9.0,,9.3,8.8,9.0,9.0,,,
Agoda,8.5,9.0,,9.0,8.6,8.4,8.7,,,
Agoda,8.8,9.1,,9.3,9.3,8.0,9.3,,,
Agoda,8.9,9.6,,8.6,9.2,8.2,9.0,,,
Agoda,9.2,9.3,,9.1,8.9,8.3,9.2,,,
Agoda,9.1,9.0,,9.7,9.4,9.1,8.6,,,
Agoda,8.9,9.0,,9.3,9.0,8.1,9.2,,,
Agoda,9.0,8.8,,9.3,9.1,8.4,9.2,,,
Agoda,9.2,8.7,,9.8,9.1,8.2,9.0,,,
Agoda,8.8,8.8,,8.5,9.0,8.5,8.7,,,
Agoda,9.0,8.8,,9.0,9.2,8.2,8.9,,,
Agoda,9.1,9.2,,9.1,9.4,8.1,9.1,,,
Agoda,8.7,8.7,,9.5,8.8,8.3,9.0,,,
Agoda,9.2,9.4,,9.5,9.2,8.3,9.1,,,
Agoda,9.1,9.2,,8.9,9.2,8.2,9.2,,,
Agoda,8.8,9.0,,9.5,9.1,8.2,8.7,,,
Agoda,9.0,9.0,,9.1,9.4,8.8,8.6,,,
Agoda,8.8,8.8,,9.6,9.1,8.3,8.9,,,
Agoda,9.0,9.1,,8.9,9.2,8.1,8.8,,,
Agoda,9.0,9.3,,9.2,9.3,8.3,9.1,,,
Agoda,8.7,8.8,,9.1,8.9,8.4,8.6,,,
Agoda,8.7,8.5,,9.5,9.2,8.0,9.2,,,
Agoda,9.0,9.2,,9.0,9.0,8.9,9.3,,,
Agoda,8.9,9.1,,9.2,9.1,8.7,8.9,,,
Agoda,9.0,8.7,,9.4,9.0,8.8,8.9,,,
Agoda,8.8,8.8,,9.4,9.2,8.5,8.7,,,
Agoda,8.8,8.7,,9.5,9.1,7.8,8.7,,,
Agoda,9.0,8.8,,9.3,9.2,8.9,8.8,,,
Agoda,8.7,8.9,,9.1,9.1,8.1,9.3,,,
Agoda,8.5,8.9,,9.1,8.6,8.2,8.9,,,
Agoda,8.7,8.8,,9.2,9.1,8.4,8.5,,,
Agoda,9.0,8.8,,9.3,9.1,8.8,9.0,,,
Agoda,9.0,8.9,,9.2,9.2,8.7,9.1,,,
Agoda,9.0,9.1,,9.2,8.9,8.7,8.9,,,
Agoda,8.8,8.9,,8.7,8.7,8.3,9.3,,,
Agoda,9.0,9.3,,9.4,9.3,8.3,9.1,,,
Agoda,9.1,9.2,,9.3,9.0,8.5,8.6,,,
Agoda,8.8,8.5,,9.5,9.2,8.4,8.7,,,
Agoda,9.1,9.2,,9.2,9.0,8.7,9.0,,,
Agoda,8.9,9.2,,8.7,9.1,8.6,8.4,,,
Agoda,9.0,8.9,,9.1,9.0,8.6,9.0,,,
Agoda,8.5,8.6,,9.1,8.8,7.6,8.4,,,
Agoda,9.1,9.0,,9.4,9.2,8.4,9.2,,,
Agoda,8.8,9.0,,8.6,8.9,8.4,9.2,,,
Agoda,9.0,8.7,,9.2,9.1,8.5,9.1,,,
Agoda,8.7,8.6,,9.4,9.2,8.2,8.7,,,
Agoda,8.5,9.0,,9.0,8.9,8.0,9.0,,,
Agoda,8.7,8.9,,9.2,8.7,8.5,8.7,,,
Agoda,9.2,8.9,,9.0,9.8,8.3,8.6,,,
Agoda,8.9,9.0,,9.0,8.9,8.6,8.8,,,
Agoda,8.9,8.7,,9.1,9.3,8.2,9.1,,,
Agoda,8.9,8.9,,9.0,9.7,8.8,8.9,,,
Agoda,9.2,9.2,,9.4,9.3,8.7,9.3,,,
Agoda,8.7,8.9,,9.0,9.0,8.5,9.1,,,
Agoda,8.6,8.5,,8.9,9.1,8.3,9.1,,,
Agoda,8.9,8.9,,9.7,8.9,8.7,8.4,,,
Agoda,9.1,8.7,,9.5,9.4,8.5,8.8,,,
Agoda,9.0,9.1,,8.6,9.3,8.5,8.6,,,
Agoda,9.0,9.1,,9.0,8.9,8.7,8.8,,,
Agoda,8.6,8.5,,9.3,8.8,8.8,8.7,,,
Agoda,8.8,9.2,,9.3,8.7,8.0,8.8,,,
Agoda,8.8,8.7,,8.8,9.4,8.1,9.2,,,
Agoda,8.9,9.5,,9.5,9.1,8.2,9.0,,,
Agoda,8.9,9.0,,9.4,9.2,7.9,9.2,,,
Agoda,8.7,8.6,,9.3,8.9,8.4,8.4,,,
Agoda,9.0,8.7,,9.6,8.7,8.6,8.9,,,
Agoda,9.1,9.1,,9.3,9.4,8.4,9.2,,,
Agoda,8.9,8.9,,9.3,9.1,8.2,9.4,,,
Agoda,9.3,9.0,,9.7,9.4,8.7,8.4,,,
Agoda,8.8,9.5,,9.5,9.0,8.4,8.8,,,
Agoda,8.8,8.8,,8.9,9.0,8.5,9.2,,,
Agoda,8.8,9.0,,9.4,9.3,8.7,8.8,,,
Agoda,8.9,9.4,,9.0,9.3,8.4,8.6,,,
Agoda,9.2,9.1,,9.4,9.3,9.0,8.4,,,
Agoda,8.6,8.5,,9.3,9.0,8.3,8.6,,,
Agoda,8.8,9.2,,8.8,9.3,9.0,8.4,,,
Agoda,9.2,8.7,,9.2,9.4,8.1,8.9,,,
Agoda,8.9,9.4,,9.3,9.1,8.6,9.2,,,
Agoda,9.0,8.8,,9.1,8.9,8.2,8.5,,,
Agoda,9.3,9.9,,9.3,9.5,8.7,9.0,,,
Agoda,9.0,9.4,,9.4,8.9,8.3,9.2,,,
Agoda,9.0,8.8,,9.2,9.3,8.5,8.9,,,
Agoda,9.1,9.0,,9.3,9.1,8.2,8.4,,,
Agoda,8.8,9.2,,9.6,8.5,8.7,9.0,,,
Agoda,9.0,9.2,,9.3,9.4,8.2,8.9,,,
Agoda,9.0,9.1,,9.3,8.3,8.9,8.9,,,
Agoda,8.8,9.4,,8.9,8.5,8.1,8.7,,,
Agoda,9.1,9.0,,9.4,9.3,8.0,8.9,,,
Agoda,9.1,8.9,,9.3,9.3,8.7,9.1,,,
Agoda,9.2,8.9,,9.6,8.9,8.2,9.6,,,
Agoda,9.0,9.3,,9.2,9.1,8.4,8.9,,,
Agoda,8.7,9.1,,8.7,8.3,8.3,9.4,,,
Agoda,8.9,9.1,,8.7,9.3,8.0,9.0,,,
Agoda,9.0,9.2,,9.4,9.2,8.4,8.9,,,
Agoda,9.0,8.4,,9.0,9.1,8.8,8.9,,,
Agoda,9.0,9.1,,9.3,9.1,8.7,8.5,,,
Agoda,9.1,9.1,,9.2,9.2,8.5,9.0,,,
Agoda,9.2,9.5,,9.1,9.1,8.7,8.3,,,
Agoda,8.6,8.5,,9.2,8.5,8.1,8.6,,,
Agoda,9.2,9.5,,8.9,9.8,8.3,8.9,,,
Agoda,8.9,9.0,,9.2,9.5,8.5,9.3,,,
Agoda,8.8,9.1,,9.0,8.7,8.4,9.3,,,
Agoda,9.1,9.5,,9.1,9.0,8.3,8.8,,,
Agoda,9.1,9.2,,9.1,9.0,8.0,8.9,,,
Agoda,8.6,9.1,,9.1,9.4,7.8,9.2,,,
Agoda,8.8,9.1,,9.5,8.5,8.6,8.5,,,
Agoda,8.9,8.9,,9.2,9.0,8.5,9.0,,,
Agoda,8.8,9.0,,9.5,8.6,8.7,8.7,,,
Agoda,8.8,8.8,,9.7,9.0,8.3,8.8,,,
Agoda,9.0,9.0,,9.5,9.0,8.2,8.8,,,
Agoda,9.0,8.3,,9.4,9.1,8.4,9.0,,,
Agoda,8.7,9.1,,9.3,8.9,8.7,9.1,,,
Agoda,8.9,9.0,,9.5,8.9,8.3,9.2,,,
Agoda,9.1,8.9,,9.2,9.3,8.6,9.0,,,
Agoda,9.1,9.1,,9.5,9.2,8.1,9.0,,,
Agoda,9.0,8.6,,9.4,9.3,8.4,9.5,,,
Agoda,9.3,9.6,,9.1,9.0,8.4,8.4,,,
Agoda,9.1,9.0,,9.5,8.9,8.8,9.4,,,
Agoda,9.1,9.0,,9.2,9.1,8.5,8.8,,,
Agoda,8.9,8.7,,9.2,9.3,8.9,9.1,,,
Agoda,8.7,9.0,,9.1,8.4,8.0,8.8,,,
Agoda,8.9,9.4,,9.2,9.2,8.4,8.7,,,
Agoda,9.3,9.3,,9.5,9.2,8.5,9.0,,,
Agoda,9.1,9.3,,9.5,9.1,8.6,9.2,,,
Agoda,9.0,9.2,,9.3,9.1,8.2,9.0,,,
Agoda,8.8,8.9,,9.4,8.3,8.9,8.7,,,
Agoda,9.1,8.6,,9.6,9.0,8.4,10.0,,,
Agoda,9.1,8.9,,9.2,9.6,8.1,9.3,,,
Agoda,8.7,8.9,,8.9,9.1,8.4,9.2,,,
Agoda,8.9,9.3,,9.6,9.0,8.3,8.8,,,
Agoda,9.1,9.1,,9.0,9.1,9.2,8.7,,,
Agoda,9.2,9.5,,9.0,9.2,8.7,8.8,,,
Agoda,9.3,9.4,,8.7,9.3,8.4,9.2,,,
Agoda,8.9,8.9,,9.4,9.0,8.4,8.6,,,
Agoda,8.9,8.5,,8.7,9.2,8.7,8.6,,,
Agoda,9.0,9.4,,9.0,9.6,8.7,9.1,,,
Agoda,9.3,9.4,,9.4,9.4,7.5,9.0,,,
Agoda,9.2,8.6,,9.4,9.8,8.6,8.7,,,
Agoda,8.9,9.5,,9.0,8.9,8.4,8.6,,,
Agoda,9.0,9.1,,9.2,9.6,8.0,9.3,,,
Agoda,8.7,9.0,,8.9,8.9,8.7,9.0,,,
Agoda,9.0,9.5,,9.0,9.2,9.1,8.5,,,
Agoda,9.4,9.4,,9.3,9.3,8.6,8.5,,,
Agoda,8.8,9.2,,9.0,8.9,8.7,8.8,,,
Agoda,8.9,9.1,,9.1,9.1,8.9,9.1,,,
Agoda,8.9,9.2,,8.8,9.4,8.2,9.1,,,
Agoda,8.7,8.9,,9.5,8.9,7.8,9.2,,,
Agoda,9.1,9.0,,9.4,9.6,8.6,8.5,,,
Agoda,9.0,8.7,,9.4,8.7,8.3,9.0,,,
Agoda,9.0,8.9,,9.6,9.7,8.0,9.3,,,
Agoda,8.8,8.9,,9.0,9.4,8.4,9.3,,,
Agoda,9.0,8.8,,9.1,9.1,8.6,9.0,,,
Agoda,8.9,9.0,,8.6,9.0,8.4,9.6,,,
Agoda,9.2,8.9,,10.0,8.9,8.2,9.1,,,
Agoda,8.9,9.2,,9.2,9.1,8.3,9.2,,,
Agoda,8.8,8.5,,9.5,9.1,8.4,8.9,,,
Agoda,8.8,9.0,,8.8,9.5,7.8,8.7,,,
Agoda,9.1,9.0,,9.5,9.7,8.4,8.6,,,
Agoda,8.9,8.9,,9.8,9.2,8.0,9.0,,,
Agoda,8.8,8.9,,9.2,8.8,8.6,8.8,,,
Agoda,8.3,8.5,,8.9,8.9,7.9,8.4,,,
Agoda,8.9,9.1,,9.2,9.0,8.7,8.6,,,
Agoda,8.8,9.2,,8.5,8.8,8.3,8.8,,,
Agoda,9.0,9.1,,9.2,8.7,8.2,9.1,,,
Agoda,9.1,9.3,,9.4,9.7,8.5,8.9,,,
Agoda,9.1,9.1,,9.2,9.2,8.1,8.9,,,
Agoda,8.9,9.1,,9.1,8.9,8.5,8.6,,,
Agoda,8.8,9.0,,9.4,9.3,8.2,8.9,,,
Agoda,8.7,9.2,,9.4,8.7,8.2,9.3,,,
Agoda,8.8,8.5,,8.7,8.8,8.5,8.9,,,
Agoda,8.6,8.7,,9.2,8.9,8.1,8.4,,,
Agoda,9.0,9.5,,9.9,9.6,8.0,8.5,,,
Agoda,8.4,8.3,,8.8,9.0,8.5,9.1,,,
Agoda,8.7,9.0,,9.2,8.4,8.4,8.8,,,
Agoda,9.3,9.4,,9.8,9.5,8.5,8.9,,,
Agoda,8.9,9.0,,9.5,9.0,8.5,8.7,,,
Agoda,8.6,8.9,,9.0,8.5,8.4,9.1,,,
Agoda,8.9,9.0,,9.3,9.0,8.6,8.8,,,
Agoda,9.1,8.9,,9.2,9.3,8.4,8.8,,,
Agoda,8.6,9.0,,9.0,9.2,7.8,8.6,,,
Agoda,8.8,8.8,,9.2,9.6,7.9,9.2,,,
Agoda,9.2,9.3,,9.1,8.8,9.0,8.8,,,
Agoda,9.1,9.4,,9.2,9.1,8.4,9.1,,,
Agoda,8.9,9.0,,9.0,8.9,8.7,8.5,,,
Agoda,8.6,8.6,,8.8,8.6,8.3,9.4,,,
Agoda,9.0,8.8,,9.2,9.4,8.4,9.3,,,
Agoda,8.9,8.9,,9.7,9.2,8.3,8.3,,,
Agoda,9.0,9.2,,9.2,9.2,9.1,8.7,,,
Agoda,8.7,8.7,,9.1,9.2,8.5,9.0,,,
Agoda,8.9,8.8,,9.4,8.9,8.2,8.5,,,
Agoda,8.8,9.2,,9.2,8.8,7.9,8.9,,,
Agoda,9.3,9.3,,9.8,9.1,9.0,9.0,,,
Agoda,9.0,8.8,,9.2,9.4,8.4,8.8,,,
Agoda,9.1,8.6,,9.4,9.6,8.6,9.1,,,
Agoda,9.2,10.0,,9.0,9.3,8.7,8.7,,,
Agoda,8.9,9.2,,9.4,9.1,8.3,8.2,,,
Agoda,8.9,8.9,,9.3,9.2,8.6,9.2,,,
Agoda,8.8,9.3,,9.2,9.1,8.2,9.2,,,
Agoda,8.7,9.0,,9.0,8.8,8.1,9.7,,,
Agoda,8.9,9.3,,9.0,9.1,8.7,8.2,,,
Agoda,8.6,9.0,,9.3,8.7,8.4,9.1,,,
Agoda,8.7,9.0,,9.4,9.1,8.6,8.3,,,
Agoda,9.3,9.0,,9.2,9.6,8.5,9.4,,,
Agoda,9.0,8.6,,9.3,9.3,8.6,9.0,,,
Agoda,8.8,9.6,,9.2,8.8,7.9,8.6,,,
Agoda,9.2,8.7,,9.2,9.1,8.2,9.1,,,
Agoda,8.5,8.6,,9.1,8.8,8.3,8.7,,,
Agoda,9.0,8.9,,9.2,9.1,8.2,9.0,,,
Agoda,9.1,8.7,,10.0,9.4,8.5,9.0,,,
Agoda,9.3,9.0,,9.3,9.3,8.8,9.4,,,
Agoda,9.3,9.2,,9.4,9.8,8.8,9.4,,,
Agoda,8.8,9.3,,9.3,9.5,8.3,8.7,,,
Agoda,9.1,9.2,,9.1,9.2,8.5,9.2,,,
Agoda,9.1,8.9,,9.6,9.3,8.5,9.0,,,
Agoda,8.6,9.0,,9.1,9.0,8.6,8.5,,,
Agoda,9.2,9.1,,9.5,8.8,8.1,8.7,,,
Agoda,9.1,8.5,,9.1,9.5,8.9,9.6,,,
Agoda,9.2,9.2,,8.9,9.4,8.7,9.0,,,
Agoda,8.7,8.6,,9.3,9.0,8.7,9.2,,,
Agoda,9.2,9.6,,8.9,9.2,8.8,8.8,,,
Agoda,9.2,8.9,,9.4,9.5,8.6,8.7,,,
Agoda,8.9,8.9,,8.8,9.4,8.1,8.9,,,
Agoda,8.8,8.8,,9.1,8.7,8.4,8.8,,,
Agoda,8.6,8.8,,8.8,9.2,7.9,8.5,,,
Agoda,9.2,9.7,,10.0,9.0,8.5,8.6,,,
Agoda,8.9,9.3,,8.7,9.4,8.3,9.1,,,
Agoda,9.0,8.5,,9.2,9.4,8.4,8.8,,,
Agoda,9.2,9.5,,9.5,9.5,8.8,8.9,,,
Agoda,9.1,9.4,,9.5,8.8,8.3,9.0,,,
Agoda,8.8,8.9,,9.5,8.9,8.3,9.0,,,
Agoda,9.0,9.1,,9.1,9.4,8.4,9.2,,,
Agoda,8.9,9.0,,9.6,8.9,7.8,8.6,,,
Agoda,8.9,9.6,,9.5,8.6,8.3,9.1,,,
Agoda,8.9,8.8,,9.3,9.3,7.7,9.1,,,
Agoda,9.0,9.0,,9.3,8.9,8.2,9.2,,,
Agoda,9.0,8.9,,9.1,9.6,8.7,8.5,,,
Agoda,9.0,8.6,,8.9,9.2,8.5,9.0,,,
Agoda,9.2,9.7,,9.6,9.1,8.2,9.4,,,
Agoda,9.1,8.6,,9.6,9.0,8.4,8.9,,,
Agoda,9.2,9.1,,8.9,9.6,8.1,9.0,,,
Agoda,8.8,8.5,,9.2,9.2,8.4,9.1,,,
Agoda,9.1,8.9,,9.2,9.0,9.3,8.6,,,
Agoda,9.0,9.1,,9.2,8.9,9.0,9.5,,,
Agoda,8.7,8.8,,9.2,9.1,8.4,9.0,,,
Agoda,9.0,9.2,,9.5,8.8,8.4,9.1,,,
Agoda,8.6,8.9,,9.0,9.4,8.1,8.4,,,
Agoda,8.7,9.3,,8.9,8.6,8.2,9.1,,,
Agoda,9.2,9.4,,9.6,9.1,8.5,9.1,,,
Agoda,8.8,8.8,,9.1,9.3,8.2,9.4,,,
Agoda,9.0,9.0,,8.8,9.2,8.7,8.8,,,
Agoda,9.0,9.1,,9.1,8.9,8.9,8.6,,,
Agoda,9.3,9.2,,9.1,9.3,8.5,8.7,,,
Agoda,9.0,9.0,,9.7,8.8,8.4,8.7,,,
Agoda,9.1,9.1,,9.5,9.1,7.9,8.6,,,
Agoda,9.2,8.9,,9.5,9.3,8.6,9.3,,,
Agoda,9.0,9.0,,9.4,9.2,8.1,9.3,,,
Agoda,9.2,9.4,,9.5,8.9,8.3,8.8,,,
Agoda,9.2,9.2,,9.0,9.5,8.7,8.8,,,
Agoda,9.0,9.2,,9.1,9.1,8.7,8.4,,,
Agoda,9.0,9.2,,8.9,9.3,8.3,9.1,,,
Agoda,9.2,9.0,,9.1,9.6,8.3,9.4,,,
Agoda,8.9,9.1,,9.4,9.4,8.2,8.7,,,
Agoda,8.7,8.7,,9.2,9.4,8.0,8.9,,,
Agoda,9.3,9.4,,9.6,9.2,8.2,9.0,,,
Agoda,9.0,8.2,,8.9,9.3,7.9,9.4,,,
Agoda,8.9,9.0,,9.4,9.2,8.6,9.0,,,
Agoda,8.8,9.3,,8.8,8.7,8.5,9.0,,,
Agoda,9.1,8.6,,9.2,9.2,8.6,9.0,,,
Agoda,9.0,9.1,,9.4,9.2,8.1,8.5,,,
Agoda,8.9,8.8,,9.1,9.3,8.0,8.5,,,
Agoda,9.1,8.9,,9.4,9.1,8.4,8.7,,,
Agoda,8.9,9.3,,8.9,8.9,8.4,9.2,,,
Agoda,8.9,9.1,,8.7,9.3,8.4,8.8,,,
Agoda,8.7,8.4,,9.4,8.7,8.3,8.7,,,
Agoda,9.0,8.7,,9.7,9.5,8.9,8.7,,,
Agoda,9.0,9.3,,8.9,9.0,8.5,8.9,,,
Agoda,9.4,9.1,,9.6,9.2,9.0,9.4,,,
Agoda,9.1,9.5,,9.2,9.3,8.8,8.9,,,
Agoda,9.1,9.5,,8.8,9.3,8.9,8.7,,,
Agoda,8.7,8.9,,8.9,8.7,8.1,8.9,,,
Agoda,9.2,9.8,,9.2,9.3,8.6,9.4,,,
Agoda,9.0,9.0,,9.1,9.2,8.3,8.7,,,
Agoda,8.5,8.7,,8.8,8.9,7.9,8.5,,,
Agoda,9.0,8.8,,8.7,8.9,8.8,8.7,,,
Agoda,8.7,8.3,,8.9,9.0,8.3,8.9,,,
Agoda,8.8,9.5,,9.3,8.7,8.1,9.1,,,
Agoda,9.4,9.5,,9.2,9.6,8.3,9.2,,,
Agoda,8.9,8.7,,9.0,9.5,8.2,8.6,,,
Agoda,8.8,8.9,,9.3,9.2,8.2,8.6,,,
Agoda,9.1,9.0,,9.5,9.0,8.3,8.8,,,
Agoda,9.0,8.7,,9.3,9.0,8.9,9.1,,,
Agoda,8.5,8.5,,9.2,9.3,8.2,8.5,,,
Agoda,9.1,8.9,,9.5,9.6,8.9,8.7,,,
Agoda,8.9,8.9,,8.9,8.9,8.7,8.7,,,
Agoda,8.5,8.9,,9.1,8.8,8.5,9.2,,,
Agoda,9.1,9.1,,9.1,9.6,8.6,9.1,,,
Agoda,8.9,9.4,,8.8,8.6,8.4,9.2,,,
Agoda,8.8,8.9,,9.1,8.8,8.8,9.3,,,
Agoda,8.9,9.1,,8.6,9.0,8.6,8.8,,,
Agoda,8.8,9.2,,9.8,8.6,7.9,8.5,,,
Agoda,8.8,9.2,,8.9,9.4,8.5,8.5,,,
Agoda,9.2,8.8,,9.7,9.4,8.6,8.3,,,
Agoda,9.0,9.0,,9.2,8.9,8.3,8.8,,,
Agoda,9.1,9.2,,9.4,9.5,8.4,8.8,,,
Agoda,8.9,8.7,,9.1,9.5,8.2,9.1,,,
Agoda,9.1,9.4,,9.3,9.1,8.0,8.9,,,
Agoda,8.9,9.4,,9.4,9.0,7.9,8.8,,,
Agoda,8.7,8.8,,9.4,9.8,7.9,8.9,,,
Agoda,9.1,9.1,,9.4,9.3,8.6,8.6,,,
Agoda,8.8,9.2,,9.1,9.2,7.7,9.2,,,
Agoda,8.8,8.8,,9.1,9.5,8.2,8.7,,,
Agoda,9.0,9.1,,8.7,9.2,8.2,8.6,,,
Agoda,8.9,9.0,,9.4,8.9,8.3,9.1,,,
Agoda,8.8,8.6,,9.5,9.1,7.8,9.1,,,
Agoda,9.2,9.1,,9.7,9.4,8.5,8.4,,,
Agoda,8.8,8.7,,9.3,8.5,8.0,9.2,,,
Agoda,8.8,9.3,,9.0,9.0,8.7,8.7,,,
Agoda,8.8,8.8,,8.7,9.5,8.2,8.8,,,
Agoda,9.0,9.0,,9.5,8.9,8.4,9.0,,,
Agoda,9.1,9.4,,8.7,9.6,8.4,9.1,,,
Agoda,9.1,9.1,,9.1,9.5,8.5,9.0,,,
Agoda,9.2,8.7,,9.1,9.1,8.4,8.9,,,
Agoda,8.6,8.7,,9.2,8.9,8.3,8.8,,,
Agoda,9.0,8.8,,9.2,9.0,8.5,9.0,,,
Agoda,9.4,9.1,,9.2,9.9,8.5,8.9,,,
Agoda,9.1,9.1,,8.5,9.7,8.2,9.4,,,
Agoda,8.8,8.7,,9.2,9.1,8.5,9.1,,,
Agoda,8.9,8.6,,8.5,8.9,8.8,8.6,,,
Agoda,8.7,9.1,,9.4,9.1,8.6,8.8,,,
Agoda,8.9,8.9,,9.0,9.2,8.7,8.9,,,
Agoda,9.1,9.6,,8.6,8.7,8.5,9.3,,,
Agoda,8.8,9.0,,9.0,9.1,8.1,9.3,,,
Agoda,9.3,9.5,,9.0,9.5,8.2,8.8,,,
Agoda,8.6,8.6,,9.6,8.6,8.5,8.6,,,
Agoda,8.7,8.5,,9.3,9.3,8.7,8.6,,,
Agoda,9.1,8.7,,9.3,9.5,9.2,9.0,,,
Agoda,9.3,9.4,,9.6,8.9,8.7,9.6,,,
Agoda,9.1,9.5,,9.2,9.6,8.0,9.1,,,
Agoda,8.7,8.8,,9.4,8.9,8.2,8.4,,,
Agoda,9.3,8.9,,9.4,9.2,9.1,8.7,,,
Agoda,8.9,8.6,,8.8,9.0,8.3,8.7,,,
Agoda,8.8,8.5,,9.6,9.0,8.4,8.7,,,
Agoda,8.5,9.2,,8.8,8.9,8.1,8.8,,,
Agoda,8.9,9.1,,9.5,9.3,8.9,9.0,,,
Agoda,9.0,9.0,,8.7,9.4,8.6,9.1,,,
Agoda,9.0,8.6,,9.4,9.1,8.2,9.2,,,
Agoda,9.0,9.5,,9.8,8.7,8.1,9.1,,,
Agoda,8.8,8.8,,9.1,9.2,8.5,8.3,,,
Agoda,8.8,9.2,,9.1,9.2,8.4,8.6,,,
Agoda,9.0,8.6,,9.4,9.0,8.6,8.9,,,
Agoda,9.3,8.9,,9.1,9.7,8.6,8.9,,,
Agoda,8.6,9.1,,9.7,8.6,8.3,9.2,,,
Agoda,8.8,9.1,,9.3,8.4,8.2,8.9,,,
Agoda,8.7,9.0,,9.1,8.9,8.4,8.9,,,
Agoda,8.7,9.1,,9.0,9.3,8.2,9.0,,,
Agoda,8.5,8.7,,8.9,8.8,8.4,8.8,,,
Agoda,8.9,9.1,,9.0,8.8,8.4,8.9,,,
Agoda,9.0,9.0,,9.1,9.4,8.1,9.2,,,
Agoda,9.2,9.1,,9.1,9.2,8.6,8.9,,,
Agoda,8.9,9.0,,9.0,9.2,8.3,8.9,,,
Agoda,8.7,8.6,,9.8,9.3,8.1,8.9,,,
Agoda,8.7,8.6,,8.9,9.0,8.3,9.3,,,
Agoda,8.5,8.3,,9.2,9.0,8.5,8.6,,,
Agoda,8.9,9.2,,9.4,9.3,8.4,9.4,,,
Agoda,9.0,9.2,,9.4,8.7,8.5,8.5,,,
Agoda,8.9,9.3,,9.2,8.5,8.7,8.7,,,
Agoda,9.1,9.1,,9.1,9.0,8.8,9.1,,,
Agoda,8.9,8.4,,9.3,9.4,8.5,9.2,,,
Agoda,8.9,8.7,,9.3,9.2,8.1,8.5,,,
Agoda,8.9,9.1,,9.1,9.4,8.3,8.6,,,
Agoda,8.8,9.0,,8.7,8.5,8.1,9.0,,,
Agoda,9.1,8.9,,9.1,9.2,8.9,9.6,,,
Agoda,9.1,9.1,,8.9,9.3,9.0,9.3,,,
Agoda,8.9,9.0,,9.0,8.7,8.6,8.8,,,
Agoda,9.0,9.0,,9.2,9.4,8.7,8.2,,,
Agoda,9.2,8.8,,9.3,9.1,8.5,8.9,,,
Agoda,9.4,9.3,,9.7,10.0,8.5,9.0,,,
Agoda,8.6,8.9,,9.0,8.4,7.9,8.8,,,
Agoda,8.9,8.6,,9.4,9.5,8.4,8.6,,,
Agoda,8.9,8.8,,9.3,9.0,8.1,8.9,,,
Agoda,9.0,8.9,,9.6,8.6,8.5,8.6,,,
Agoda,9.0,9.3,,9.4,8.9,8.4,9.5,,,
Agoda,8.9,9.0,,8.9,9.2,9.0,9.4,,,
Agoda,8.8,8.9,,8.7,9.4,8.7,9.1,,,
Agoda,9.0,8.6,,9.3,9.6,8.5,8.9,,,
Agoda,9.2,9.2,,9.0,9.5,8.3,8.7,,,
Agoda,8.8,8.8,,8.9,8.8,8.9,8.9,,,
Agoda,8.9,9.0,,8.8,9.4,8.4,9.4,,,
Agoda,8.8,9.4,,9.2,9.2,8.5,9.2,,,
Agoda,9.3,9.2,,9.7,8.9,8.4,9.0,,,
Agoda,8.9,8.5,,9.1,9.0,8.3,9.2,,,
Agoda,8.9,8.5,,9.4,8.9,8.4,9.1,,,
Agoda,9.0,9.0,,9.2,9.1,7.8,9.0,,,
Agoda,8.6,8.6,,8.8,8.9,7.9,9.2,,,
Agoda,9.0,9.2,,9.4,8.8,8.5,9.1,,,
Agoda,9.3,9.0,,8.9,9.2,8.9,9.2,,,
Agoda,9.0,9.0,,9.2,9.3,8.5,8.9,,,
Agoda,8.9,8.8,,9.1,9.0,8.2,8.8,,,
Agoda,9.3,9.5,,9.5,9.5,8.0,8.7,,,
Agoda,9.2,9.9,,8.9,9.0,8.6,8.7,,,
Agoda,8.8,8.9,,9.3,9.0,8.2,8.4,,,
Agoda,9.0,9.1,,8.9,9.3,8.6,8.6,,,
Agoda,9.0,9.0,,9.0,9.1,8.5,8.6,,,
Agoda,8.8,8.9,,8.1,9.1,8.5,8.7,,,
Agoda,9.0,8.8,,9.8,8.3,8.4,9.4,,,
Agoda,9.0,8.7,,9.4,9.1,8.5,8.9,,,
Agoda,8.8,8.7,,9.0,8.6,8.4,9.0,,,
Agoda,8.7,9.1,,8.9,8.7,8.2,9.0,,,
Agoda,8.7,8.8,,9.1,8.7,8.1,9.4,,,
Agoda,8.7,8.2,,9.4,8.8,7.7,8.7,,,
Agoda,8.7,9.1,,8.6,8.9,8.3,8.8,,,
Agoda,9.0,9.0,,9.2,9.0,8.9,8.9,,,
Agoda,9.5,9.4,,9.7,9.3,8.6,9.2,,,
Agoda,9.2,9.1,,8.9,9.2,8.5,9.3,,,
Agoda,8.7,8.6,,9.2,8.5,8.2,9.0,,,
Agoda,9.0,8.3,,9.9,9.1,8.7,9.3,,,
Agoda,8.9,8.8,,9.4,9.2,8.4,9.0,,,
Agoda,9.1,8.8,,9.2,9.0,8.9,8.8,,,
Agoda,9.0,9.3,,9.4,9.1,8.1,9.3,,,
Agoda,8.8,9.0,,9.1,9.2,8.2,9.0,,,
Agoda,9.2,9.3,,9.6,9.3,8.1,8.7,,,
Agoda,8.7,8.6,,9.1,8.6,8.0,9.2,,,
Agoda,8.7,9.3,,8.6,9.0,8.1,8.8,,,
Agoda,9.2,9.2,,9.1,9.6,8.4,8.8,,,
Agoda,9.0,8.4,,8.9,9.5,8.2,9.2,,,
Agoda,8.7,9.4,,9.1,9.4,7.2,8.9,,,
Agoda,9.0,9.0,,9.1,9.3,8.7,9.0,,,
Agoda,9.0,9.1,,9.6,9.6,7.9,9.1,,,
Agoda,9.1,8.7,,9.4,9.7,8.6,8.7,,,
Agoda,9.2,9.4,,9.3,9.1,8.4,9.0,,,
Agoda,8.8,8.6,,9.2,8.8,9.0,9.3,,,
Agoda,8.7,9.2,,8.9,9.0,8.7,8.6,,,
Agoda,9.2,9.2,,8.5,10.0,8.2,9.0,,,
Agoda,8.5,8.7,,9.2,8.6,8.2,8.7,,,
Agoda,9.3,9.6,,9.4,9.0,8.9,9.2,,,
Agoda,8.8,9.1,,9.2,8.7,8.0,9.2,,,
Agoda,9.0,9.2,,9.0,9.1,8.5,8.8,,,
Agoda,9.0,8.5,,9.3,8.7,8.4,9.6,,,
Agoda,9.6,9.6,,9.2,9.1,8.3,9.2,,,
Agoda,8.6,8.6,,9.7,8.5,8.5,9.1,,,
Agoda,9.3,9.3,,9.6,9.3,8.5,9.1,,,
Agoda,9.0,8.7,,9.5,9.5,8.5,9.2,,,
Agoda,9.0,8.8,,9.4,9.0,8.4,8.6,,,
Agoda,9.1,9.2,,8.8,9.1,8.5,9.0,,,
Agoda,9.3,9.3,,9.4,9.1,8.4,9.0,,,
Agoda,8.9,8.6,,9.3,9.2,8.2,8.8,,,
Agoda,8.9,9.3,,9.4,9.1,8.4,9.0,,,
Agoda,9.2,9.3,,9.3,9.3,8.2,9.3,,,
Agoda,8.9,8.7,,9.3,9.5,8.2,8.8,,,
Agoda,9.1,9.5,,10.0,8.9,8.3,8.9,,,
Agoda,8.7,8.6,,9.2,9.0,8.4,8.7,,,
Agoda,9.1,8.8,,9.5,9.4,8.4,8.4,,,
Agoda,9.2,9.1,,9.1,8.7,8.7,9.1,,,
Agoda,8.6,8.7,,9.4,8.5,8.3,8.9,,,
Agoda,9.2,9.1,,9.5,9.2,8.5,8.9,,,
Agoda,8.9,9.1,,9.3,9.2,8.4,8.6,,,
Agoda,8.7,8.9,,9.7,8.9,8.2,8.8,,,
Agoda,8.9,9.2,,8.9,8.9,8.4,9.2,,,
Agoda,8.8,8.9,,9.1,8.9,8.7,8.9,,,
Agoda,8.7,9.1,,9.3,8.8,8.5,8.9,,,
Agoda,9.0,9.3,,9.5,9.3,8.5,9.0,,,
Agoda,8.7,9.2,,9.3,8.7,8.2,8.5,,,
Agoda,9.1,9.2,,9.6,9.0,9.0,9.1,,,
Agoda,8.5,8.7,,9.0,8.8,8.2,8.5,,,
Agoda,8.6,9.2,,8.9,8.7,7.9,8.6,,,
Agoda,8.9,8.7,,9.3,9.4,8.7,8.6,,,
Agoda,8.8,8.6,,9.2,8.9,8.4,8.8,,,
Agoda,9.1,9.0,,9.4,9.2,8.3,8.8,,,
Agoda,8.7,8.7,,9.2,8.6,8.2,8.9,,,
Agoda,9.0,9.2,,9.1,8.9,9.0,8.6,,,
Agoda,9.0,9.2,,9.2,9.3,8.5,9.2,,,
Agoda,8.9,8.4,,9.2,9.9,8.6,9.2,,,
Agoda,8.6,8.8,,9.1,8.5,8.4,8.8,,,
Agoda,8.9,8.6,,9.1,9.0,8.5,8.8,,,
Agoda,8.7,8.9,,9.1,9.2,8.8,8.7,,,
Agoda,8.9,9.1,,9.5,8.9,8.3,8.8,,,
Agoda,8.8,8.9,,9.3,9.4,8.0,8.5,,,
Agoda,9.1,8.8,,9.9,8.8,8.7,8.6,,,
Agoda,8.9,9.4,,9.2,9.1,8.5,9.2,,,
Agoda,8.7,8.3,,9.0,8.9,8.4,9.0,,,
Agoda,9.4,9.4,,10.0,9.5,8.5,9.4,,,
Agoda,8.5,8.8,,9.3,8.9,8.3,8.8,,,
Agoda,8.8,9.0,,9.5,9.0,8.4,8.8,,,
Agoda,9.0,8.8,,9.4,9.4,8.4,8.8,,,
Agoda,9.1,9.5,,9.4,8.8,8.2,8.8,,,
Agoda,9.0,8.6,,9.4,9.1,8.8,8.7,,,
Agoda,8.8,9.0,,8.9,8.6,8.0,9.0,,,
Agoda,8.9,9.2,,9.3,8.8,9.1,8.9,,,
Agoda,8.6,8.5,,8.8,9.2,8.7,8.7,,,
Agoda,8.7,8.7,,9.1,8.8,7.9,9.3,,,
Agoda,8.7,9.0,,9.0,8.9,8.3,9.5,,,
Agoda,8.8,8.7,,9.3,9.2,8.3,9.2,,,
Agoda,9.0,8.8,,9.3,8.9,8.5,9.1,,,
Agoda,9.0,8.9,,9.3,9.3,8.1,9.1,,,
Agoda,9.0,9.2,,9.3,9.2,8.4,9.5,,,
Agoda,8.8,8.9,,9.0,9.2,8.4,9.1,,,
Agoda,9.1,9.3,,9.1,9.5,8.2,8.7,,,
Agoda,8.9,8.7,,9.5,9.2,8.1,9.0,,,
Agoda,8.9,8.6,,9.5,9.6,8.7,9.1,,,
Agoda,8.7,9.6,,8.9,9.4,7.9,8.6,,,
Agoda,9.0,8.8,,8.7,8.9,8.5,8.8,,,
Agoda,8.8,8.6,,9.0,9.5,8.6,9.2,,,
Agoda,8.9,8.5,,9.5,9.2,8.3,8.4,,,
Agoda,9.3,9.3,,9.6,9.0,8.4,8.5,,,
Agoda,8.9,8.9,,8.9,9.2,8.7,8.8,,,
Agoda,8.9,8.9,,9.3,9.4,8.2,9.0,,,
Agoda,8.8,9.0,,9.8,9.2,8.2,8.5,,,
Agoda,8.9,9.3,,9.3,9.6,8.3,8.9,,,
Agoda,9.2,8.9,,9.6,9.4,8.7,9.2,,,
Agoda,9.5,9.7,,9.5,9.3,8.8,8.9,,,
Agoda,8.7,9.0,,8.9,8.8,8.0,9.2,,,
Agoda,8.9,9.3,,9.1,9.0,8.7,8.7,,,
Agoda,9.1,9.2,,9.2,9.1,8.6,8.7,,,
Agoda,9.0,9.0,,9.2,9.3,8.9,9.2,,,
Agoda,9.1,8.8,,9.5,9.3,8.5,9.0,,,
Agoda,9.0,9.1,,9.3,9.2,8.4,8.5,,,
Agoda,8.8,9.2,,8.3,9.1,8.7,8.7,,,
Agoda,8.9,8.8,,8.8,9.3,8.6,9.4,,,
Agoda,9.1,9.0,,8.5,8.8,9.1,8.6,,,
Agoda,9.4,9.4,,9.3,9.6,8.7,9.2,,,
Agoda,9.1,9.6,,9.3,8.5,8.4,8.8,,,
Agoda,8.9,9.3,,9.3,9.5,8.0,8.9,,,
Agoda,9.2,9.6,,8.9,9.1,8.2,9.0,,,
Agoda,9.0,8.8,,9.4,9.4,8.0,8.3,,,
Agoda,8.8,9.2,,9.4,9.2,8.3,8.5,,,
Agoda,9.1,9.4,,8.8,9.2,8.7,8.9,,,
Agoda,8.7,8.7,,8.8,9.3,8.4,8.7,,,
Agoda,8.8,8.9,,9.2,9.3,8.7,9.2,,,
Agoda,9.1,9.5,,9.7,9.0,8.5,8.4,,,
Agoda,9.1,8.7,,9.7,9.4,8.3,9.1,,,
Agoda,8.8,8.6,,9.4,8.8,8.4,8.5,,,
Agoda,9.0,9.5,,9.0,9.1,8.5,8.8,,,
Agoda,9.1,9.4,,9.5,9.4,8.4,8.6,,,
Agoda,9.4,9.1,,9.1,9.4,8.4,9.5,,,
Agoda,8.7,9.0,,9.0,9.2,8.2,8.5,,,
Agoda,8.9,8.9,,8.6,9.0,8.3,8.9,,,
Agoda,9.1,9.1,,9.2,9.4,9.1,8.4,,,
Agoda,9.0,9.5,,9.0,8.9,8.8,9.4,,,
Agoda,9.0,9.1,,9.2,9.6,8.0,9.0,,,
Agoda,8.6,9.7,,8.5,9.1,7.7,8.9,,,
Agoda,8.7,8.7,,9.3,8.6,8.4,9.3,,,
Agoda,8.7,9.0,,8.5,8.7,8.7,8.9,,,
Agoda,8.7,8.9,,9.5,9.1,8.2,9.0,,,
Agoda,9.0,8.7,,9.4,9.1,8.7,8.9,,,
Agoda,8.9,9.0,,9.1,9.7,8.4,9.1,,,
Agoda,8.7,9.1,,9.4,8.8,8.4,8.8,,,
Agoda,8.8,9.2,,8.9,9.1,8.6,8.8,,,
Agoda,9.3,9.7,,9.2,8.8,8.2,9.1,,,
Agoda,8.7,9.1,,9.4,9.0,8.3,9.0,,,
Agoda,9.1,9.3,,8.3,9.6,8.6,8.9,,,
Agoda,8.7,9.0,,9.1,8.8,8.4,8.5,,,
Agoda,9.2,9.5,,9.2,9.3,9.0,9.3,,,
Agoda,9.2,9.7,,9.1,9.2,8.6,8.7,,,
Agoda,9.2,9.2,,9.6,9.1,8.6,9.2,,,
Agoda,8.8,8.7,,8.9,9.3,8.4,9.0,,,
Agoda,8.6,8.8,,9.0,8.8,8.7,8.5,,,
Agoda,9.1,9.1,,8.6,9.6,8.3,9.3,,,
Agoda,9.3,9.1,,9.7,9.7,8.5,9.0,,,
Agoda,8.9,9.2,,9.1,9.1,8.1,9.3,,,
Agoda,9.2,9.1,,9.1,9.8,8.7,8.8,,,
Agoda,8.9,9.0,,9.2,9.0,8.5,9.1,,,
Agoda,8.9,8.8,,9.4,9.2,9.0,8.4,,,
Agoda,9.2,9.1,,9.3,9.5,9.1,8.7,,,
Agoda,9.3,9.6,,10.0,9.0,8.6,8.5,,,
Agoda,9.0,9.3,,9.3,8.7,8.4,8.8,,,
Agoda,8.9,9.2,,9.1,8.6,8.1,9.0,,,
Agoda,9.0,9.3,,9.0,9.7,8.7,8.7,,,
Agoda,9.1,8.9,,9.1,8.9,8.5,9.2,,,
Agoda,8.7,8.8,,8.7,9.0,8.6,8.6,,,
Agoda,8.9,8.8,,9.2,8.8,8.9,9.2,,,
Agoda,8.9,9.0,,9.4,9.4,8.2,9.3,,,
Agoda,8.8,8.9,,9.0,8.9,8.1,9.2,,,
Agoda,9.0,9.4,,9.0,9.0,8.3,8.8,,,
Agoda,9.1,8.9,,9.7,9.2,8.6,8.3,,,
Agoda,9.0,8.8,,8.8,8.8,8.6,9.1,,,
Agoda,9.0,9.6,,8.6,9.0,8.1,8.9,,,
Agoda,9.0,8.9,,8.9,9.5,8.6,8.6,,,
Agoda,8.7,9.0,,8.7,9.2,8.0,8.7,,,
Agoda,8.9,9.1,,9.3,9.1,8.1,9.3,,,
Agoda,9.0,8.7,,9.1,9.2,8.4,8.6,,,
Agoda,9.1,9.4,,9.1,9.0,8.2,9.0,,,
Agoda,9.1,9.2,,9.5,9.7,8.7,9.0,,,
Agoda,9.1,9.5,,9.0,8.9,8.5,8.8,,,
Agoda,9.2,8.8,,9.4,9.2,8.9,9.1,,,
Agoda,8.9,9.0,,9.7,9.1,8.3,9.4,,,
Agoda,9.1,9.0,,9.1,9.4,8.4,8.8,,,
Agoda,9.0,9.1,,9.4,9.4,8.8,8.8,,,
Agoda,8.5,8.6,,9.1,9.1,8.4,9.1,,,
Agoda,9.1,9.0,,9.5,9.2,8.8,9.2,,,
Agoda,8.8,8.6,,8.7,9.2,8.6,8.9,,,
Agoda,8.5,9.1,,8.7,8.4,7.7,8.8,,,
Agoda,9.1,8.4,,9.1,8.6,8.8,8.2,,,
Agoda,8.8,8.4,,8.9,8.9,8.7,8.7,,,
Agoda,8.9,9.2,,9.0,8.9,8.7,8.6,,,
Agoda,8.7,8.8,,9.1,8.7,7.8,9.1,,,
Agoda,8.8,8.7,,9.4,9.3,8.2,8.8,,,
Agoda,9.1,9.4,,9.1,9.1,8.2,8.8,,,
Agoda,8.9,9.1,,9.0,9.0,8.1,8.9,,,
Agoda,9.0,9.3,,9.1,8.7,8.9,8.6,,,
Agoda,8.9,9.0,,9.0,9.1,8.4,9.4,,,
Agoda,8.7,9.8,,8.9,8.3,8.4,9.3,,,
Agoda,8.8,8.8,,8.7,9.1,8.6,9.4,,,
Agoda,9.2,9.5,,9.2,9.1,8.6,9.1,,,
Agoda,8.7,9.0,,9.0,9.2,7.4,8.9,,,
Agoda,8.8,8.5,,9.5,8.6,8.2,9.4,,,
Agoda,8.8,9.1,,8.8,9.2,8.0,8.7,,,
Agoda,8.9,9.1,,9.0,8.8,8.5,8.6,,,
Agoda,8.7,8.7,,9.7,8.9,8.3,8.7,,,
Agoda,8.9,8.7,,8.9,9.3,8.4,9.1,,,
Agoda,8.8,9.0,,9.1,9.7,7.8,8.7,,,
Agoda,8.6,9.1,,8.8,9.1,8.3,8.9,,,
Agoda,8.6,8.3,,8.8,8.9,8.7,8.4,,,
Agoda,9.5,9.3,,9.7,9.2,8.8,9.0,,,
Agoda,8.8,8.9,,9.3,9.4,8.6,8.4,,,
Agoda,8.8,8.6,,9.2,9.3,8.0,8.6,,,
Agoda,9.3,9.3,,8.7,9.9,8.8,9.3,,,
Agoda,9.3,9.0,,9.3,8.9,8.6,9.3,,,
Agoda,9.1,9.4,,9.5,9.2,8.4,9.0,,,
Agoda,8.9,9.1,,9.5,9.6,7.8,9.0,,,
Agoda,8.9,9.0,,9.4,9.5,8.7,8.7,,,
Agoda,8.8,9.0,,8.9,8.5,8.2,8.7,,,
Agoda,8.9,9.1,,9.3,9.1,8.5,8.8,,,
Agoda,8.9,8.9,,9.4,9.5,8.4,8.4,,,
Agoda,8.8,8.7,,8.7,10.0,8.9,9.0,,,
Agoda,9.1,9.2,,8.9,9.3,8.4,8.9,,,
Agoda,9.1,9.0,,9.5,9.0,8.4,8.6,,,
Agoda,9.2,9.0,,9.5,8.8,8.9,9.4,,,
Agoda,8.8,9.3,,8.7,9.8,8.2,9.1,,,
Agoda,9.2,9.0,,9.4,9.3,8.6,9.1,,,
Agoda,8.6,9.0,,9.2,8.8,8.3,8.8,,,
Agoda,8.8,8.8,,9.4,9.0,8.1,8.9,,,
Agoda,9.0,9.1,,9.0,9.2,8.4,9.1,,,
Agoda,9.1,9.1,,9.4,9.3,8.6,8.9,,,
Agoda,9.2,9.3,,9.5,8.8,8.8,9.4,,,
Agoda,8.9,8.8,,9.1,8.9,8.8,8.8,,,
Agoda,8.5,8.9,,9.2,8.6,8.3,8.7,,,
Agoda,9.1,9.2,,9.0,9.4,8.1,9.1,,,
Agoda,9.0,9.1,,9.7,9.0,8.3,8.5,,,
Agoda,8.7,8.7,,9.2,9.2,8.0,9.2,,,
Agoda,8.8,9.4,,8.9,9.5,8.3,8.5,,,
Agoda,9.0,8.5,,9.0,9.2,8.3,9.1,,,
Agoda,9.2,9.2,,9.2,9.1,8.6,8.7,,,
Agoda,8.9,8.6,,9.4,9.2,7.7,9.0,,,
Agoda,8.9,9.6,,8.8,9.1,8.2,9.2,,,
Agoda,8.6,8.5,,9.8,9.5,8.2,8.9,,,
Agoda,9.2,9.3,,9.3,9.2,8.8,8.5,,,
Agoda,8.9,9.0,,9.3,8.9,8.1,8.6,,,
Agoda,8.9,8.9,,9.2,9.4,8.5,8.7,,,
Agoda,9.2,9.1,,9.2,9.5,8.4,8.3,,,
Agoda,9.1,9.2,,9.2,8.7,8.7,9.2,,,
Agoda,9.1,8.7,,9.5,9.6,8.6,8.9,,,
Agoda,8.9,8.8,,9.2,9.2,8.4,8.6,,,
Agoda,9.1,9.2,,9.4,9.2,8.2,9.3,,,
Agoda,8.8,8.5,,9.1,9.4,7.8,8.7,,,
Agoda,8.8,8.8,,9.3,8.9,8.5,9.0,,,
Agoda,9.3,9.9,,9.0,9.4,8.6,8.7,,,
Agoda,8.6,8.7,,9.6,9.0,7.9,8.3,,,
Agoda,8.9,9.3,,8.9,8.7,8.0,8.5,,,
Agoda,8.9,8.8,,9.1,8.8,8.5,8.8,,,
Agoda,9.0,9.2,,9.1,9.3,8.5,9.2,,,
Agoda,8.9,9.2,,9.1,8.8,8.1,9.0,,,
Agoda,9.0,9.3,,9.4,9.6,8.2,8.9,,,
Agoda,9.0,8.9,,9.1,9.5,7.8,8.3,,,
Agoda,9.6,9.6,,9.6,9.5,8.8,9.3,,,
Agoda,8.9,8.8,,9.0,9.1,8.0,9.0,,,
Agoda,9.3,9.1,,9.3,9.2,8.6,8.9,,,
Agoda,8.9,9.1,,9.0,8.7,8.4,9.2,,,
Agoda,9.2,8.7,,9.3,9.4,8.8,9.3,,,
Agoda,9.1,8.9,,9.2,9.2,8.2,9.2,,,
Agoda,9.0,9.0,,9.2,9.3,8.4,8.8,,,
Agoda,9.0,8.9,,9.6,9.6,7.9,8.6,,,
Agoda,9.1,9.7,,9.0,8.9,7.8,9.2,,,
Agoda,9.0,8.7,,9.4,9.1,8.6,8.5,,,
Agoda,8.9,9.4,,9.0,9.2,7.9,9.5,,,
Agoda,8.6,9.3,,9.2,8.8,8.3,8.9,,,
Agoda,8.8,9.0,,8.8,9.0,8.7,8.6,,,
Agoda,8.5,8.7,,9.0,9.2,8.6,8.5,,,
Agoda,8.6,8.8,,9.2,9.0,8.2,8.5,,,
Agoda,8.9,8.8,,9.7,9.5,7.9,8.9,,,
Agoda,8.6,8.5,,9.2,8.6,8.6,8.9,,,
Agoda,9.2,8.7,,9.7,9.4,8.8,8.5,,,
Agoda,9.0,8.6,,9.3,9.3,8.2,8.8,,,
Agoda,9.0,9.4,,9.1,8.9,8.2,8.5,,,
Agoda,9.1,9.2,,9.7,8.8,8.2,9.1,,,
Agoda,9.0,9.2,,9.3,8.5,8.6,8.9,,,
Agoda,8.6,9.2,,9.0,8.9,8.8,8.8,,,
Agoda,8.9,9.1,,9.3,9.4,8.0,8.5,,,
Agoda,8.7,9.4,,9.1,9.1,8.0,8.8,,,
Agoda,9.0,8.8,,8.6,9.4,9.1,8.8,,,
Agoda,8.6,9.0,,9.5,8.9,8.3,9.0,,,
Agoda,9.1,9.2,,9.5,9.3,8.5,9.0,,,
Agoda,9.0,8.6,,9.8,8.9,8.2,9.1,,,
Agoda,8.9,9.9,,9.3,8.8,8.5,8.8,,,
Agoda,9.1,9.0,,9.1,9.1,8.7,8.3,,,
Agoda,9.1,9.0,,9.5,8.9,8.5,9.2,,,
Agoda,9.1,9.4,,9.5,8.6,8.9,8.6,,,
Agoda,9.1,9.3,,9.7,9.0,8.3,8.6,,,
Agoda,8.9,9.0,,9.2,9.1,8.3,8.9,,,
Agoda,9.1,9.0,,9.2,9.5,8.5,9.0,,,
Agoda,8.8,8.5,,9.0,9.4,8.5,8.7,,,
Agoda,9.0,8.8,,9.4,9.5,8.5,8.7,,,
Agoda,8.7,9.2,,8.7,9.3,8.0,8.8,,,
Agoda,8.9,9.1,,9.4,9.2,8.5,9.3,,,
Agoda,8.9,9.4,,9.4,8.7,8.3,8.9,,,
Agoda,8.8,9.0,,9.4,9.1,8.2,8.6,,,
Agoda,8.7,8.6,,9.2,9.3,8.4,8.6,,,
Agoda,9.3,9.3,,9.7,9.5,8.1,8.8,,,
Agoda,8.9,9.4,,9.5,9.3,8.1,9.0,,,
Agoda,8.9,9.3,,9.0,9.5,7.6,9.0,,,
Agoda,9.1,9.0,,9.0,8.8,8.9,8.9,,,
Agoda,9.1,9.3,,8.9,9.0,8.6,8.6,,,
Agoda,9.4,10.0,,9.4,9.2,8.4,8.8,,,
Agoda,8.8,9.0,,8.9,9.4,8.2,9.1,,,
Agoda,8.8,8.6,,9.5,9.1,7.5,8.6,,,
Agoda,8.8,8.8,,9.6,9.1,8.2,8.8,,,
Agoda,9.0,9.2,,8.9,9.3,8.6,9.1,,,
Agoda,8.8,8.5,,9.1,8.8,8.7,9.2,,,
Agoda,9.0,9.1,,9.2,9.6,8.6,8.8,,,
Agoda,8.9,9.1,,9.5,8.8,8.4,8.8,,,
Agoda,9.0,9.5,,9.7,8.5,8.8,8.5,,,
Agoda,8.8,9.4,,8.7,9.1,8.3,9.1,,,
Agoda,9.3,9.3,,9.1,9.6,8.7,9.3,,,
Agoda,8.8,8.4,,9.1,9.3,8.3,9.7,,,
Agoda,9.0,9.3,,8.8,9.3,8.1,9.0,,,
Agoda,8.9,9.2,,9.1,9.1,8.1,8.9,,,
Agoda,8.9,9.1,,9.3,9.1,8.1,8.6,,,
Agoda,8.7,8.5,,9.1,8.6,8.6,8.3,,,
Agoda,8.5,8.8,,8.7,8.4,8.2,9.0,,,
Agoda,9.2,8.6,,10.0,9.2,8.1,9.6,,,
Agoda,9.1,8.4,,9.3,9.5,8.6,9.3,,,
Agoda,9.0,9.0,,9.2,9.2,8.5,9.2,,,
Agoda,8.9,8.8,,8.9,9.3,8.7,9.0,,,
Agoda,9.3,9.8,,9.3,9.6,8.6,9.0,,,
Agoda,8.9,8.9,,9.2,9.2,8.2,8.2,,,
Agoda,9.2,9.4,,8.6,9.1,8.4,9.1,,,
Agoda,8.5,8.5,,8.9,8.9,8.4,8.7,,,
Agoda,9.1,8.8,,9.4,9.7,8.1,8.7,,,
Agoda,9.2,9.0,,9.8,9.3,8.1,8.8,,,
Agoda,8.5,8.7,,9.3,8.8,8.2,8.8,,,
Agoda,8.9,8.9,,9.5,8.7,9.0,8.7,,,
Agoda,8.8,8.9,,9.2,9.5,8.3,8.9,,,
Agoda,9.0,8.9,,9.2,8.8,8.8,8.7,,,
Agoda,9.2,9.6,,9.5,9.7,8.3,8.9,,,
Agoda,8.9,9.1,,9.7,8.3,8.7,8.5,,,
Agoda,9.1,9.1,,9.6,9.5,8.7,8.8,,,
Agoda,9.1,9.2,,8.9,9.2,8.7,8.6,,,
Agoda,9.0,9.2,,9.2,9.1,8.5,8.7,,,
Agoda,9.0,9.0,,9.3,9.0,8.8,8.9,,,
Agoda,9.0,8.9,,9.1,9.7,8.5,8.4,,,
Agoda,9.2,9.1,,9.3,9.3,8.9,8.7,,,
Agoda,8.9,9.3,,9.4,8.8,7.9,9.1,,,
Agoda,9.2,9.3,,9.5,8.6,8.5,8.5,,,
Agoda,8.9,8.9,,9.7,9.2,8.5,9.4,,,
Agoda,8.7,9.2,,9.1,9.1,8.1,9.3,,,
Agoda,8.5,8.9,,8.8,8.6,8.6,8.8,,,
Agoda,8.5,9.0,,9.3,9.1,8.0,8.7,,,
Agoda,9.1,8.9,,9.8,8.9,8.2,9.0,,,
Agoda,8.8,8.9,,9.1,9.1,7.8,8.5,,,
Agoda,9.3,9.4,,9.4,9.3,8.9,8.3,,,
Agoda,8.9,9.0,,9.4,9.5,8.3,8.8,,,
Agoda,9.3,9.0,,9.3,9.4,9.1,8.9,,,
Agoda,8.8,8.6,,9.2,8.9,8.6,8.9,,,
Agoda,8.9,8.9,,8.9,9.2,8.5,8.7,,,
Agoda,8.9,8.9,,8.5,9.1,8.2,9.3,,,
Agoda,8.5,8.8,,8.9,8.7,8.1,8.5,,,
Agoda,9.3,9.0,,9.1,9.2,8.6,8.6,,,
Agoda,9.3,8.9,,9.5,9.7,8.4,9.0,,,
Agoda,8.7,9.0,,9.2,9.1,8.0,8.6,,,
Agoda,8.5,9.0,,9.0,8.6,7.9,8.5,,,
Agoda,8.7,8.7,,8.9,9.1,8.1,8.9,,,
Agoda,8.9,8.9,,9.4,8.7,8.9,8.6,,,
Agoda,9.4,9.0,,9.6,9.4,9.1,8.9,,,
Agoda,9.0,9.4,,9.5,9.3,8.5,8.7,,,
Agoda,9.0,9.1,,9.4,9.0,8.4,8.6,,,
Agoda,8.5,8.8,,8.8,9.0,8.3,8.3,,,
Agoda,8.9,9.1,,9.1,9.0,8.1,8.9,,,
Agoda,9.2,9.5,,9.8,9.1,8.8,8.5,,,
Agoda,9.4,9.3,,9.5,8.9,9.0,8.8,,,
Agoda,8.5,9.2,,8.7,8.7,8.1,8.7,,,
Agoda,9.3,9.2,,9.2,9.4,8.4,8.8,,,
Agoda,8.8,9.4,,9.3,9.0,8.3,8.9,,,
Agoda,8.8,9.3,,9.0,9.2,8.3,9.0,,,
Agoda,8.7,9.2,,8.5,9.2,8.8,8.7,,,
Agoda,9.0,9.3,,9.2,9.2,8.0,9.3,,,
Agoda,8.5,8.7,,9.0,8.7,8.5,8.3,,,
Agoda,8.5,8.5,,9.0,8.6,8.6,8.8,,,
Agoda,8.9,9.0,,9.1,8.9,8.4,9.2,,,
Agoda,9.1,9.0,,9.2,9.2,8.7,9.0,,,
Agoda,8.8,8.8,,9.2,8.9,8.4,8.6,,,
Agoda,8.9,9.2,,8.9,9.0,8.8,8.7,,,
Agoda,9.1,8.4,,9.1,9.7,7.9,8.6,,,
Agoda,8.7,8.8,,8.7,8.5,8.3,9.1,,,
Agoda,9.0,8.9,,9.3,8.9,8.4,8.7,,,
Agoda,8.7,8.5,,8.3,9.7,7.6,9.0,,,
Agoda,8.8,9.4,,9.1,9.1,8.1,9.0,,,
Agoda,9.0,8.6,,9.5,8.9,8.2,9.6,,,
Agoda,8.9,8.8,,8.9,9.5,8.7,9.0,,,
Agoda,9.0,9.3,,9.4,9.1,8.2,8.7,,,
Agoda,9.0,9.2,,9.5,9.0,8.2,8.5,,,
Agoda,8.4,8.7,,8.2,9.2,8.6,8.8,,,
Agoda,8.6,9.2,,9.2,8.9,7.9,8.9,,,
Agoda,8.7,9.1,,8.3,8.8,7.8,8.2,,,
Agoda,9.0,9.7,,9.2,9.1,8.3,8.7,,,
Agoda,8.7,9.1,,9.2,8.8,8.0,9.0,,,
Agoda,8.7,9.0,,8.5,9.1,8.0,8.7,,,
Agoda,9.0,8.7,,9.8,9.2,8.6,9.2,,,
Agoda,9.1,8.8,,9.3,9.4,8.7,8.4,,,
Agoda,9.0,8.8,,8.9,9.4,8.6,9.1,,,
Agoda,9.2,9.4,,9.6,9.0,8.7,9.2,,,
Agoda,8.9,9.0,,8.7,9.2,8.8,9.2,,,
Agoda,8.8,9.2,,8.8,9.2,7.8,8.4,,,
Agoda,9.1,9.5,,8.5,9.2,8.5,9.0,,,
Agoda,8.7,8.3,,9.7,9.0,8.2,8.7,,,
Agoda,9.0,9.4,,9.3,8.8,8.2,8.5,,,
Agoda,9.0,9.0,,9.4,9.3,8.6,8.8,,,
Agoda,8.8,9.1,,9.3,8.6,7.9,8.6,,,
Agoda,8.8,8.8,,9.4,9.0,7.9,9.2,,,
Agoda,8.7,8.8,,9.2,8.3,8.6,9.1,,,
Agoda,8.9,9.1,,9.3,8.7,8.5,8.6,,,
Agoda,9.2,9.7,,9.2,8.8,8.4,8.7,,,
Agoda,9.0,9.3,,9.0,9.4,8.1,8.8,,,
Agoda,9.2,9.4,,9.2,9.3,8.6,8.9,,,
Agoda,8.9,8.9,,9.3,8.9,8.6,9.2,,,
Agoda,9.2,8.8,,9.2,9.3,8.4,9.1,,,
Agoda,8.9,8.8,,8.8,9.4,8.0,8.9,,,
Agoda,8.8,8.9,,8.8,9.1,8.3,8.8,,,
Agoda,8.7,8.4,,9.5,8.7,8.7,8.4,,,
Agoda,9.1,8.8,,9.1,9.0,8.8,9.3,,,
Agoda,8.8,8.8,,9.4,9.1,8.3,8.8,,,
Agoda,8.5,8.9,,8.9,8.7,8.3,9.4,,,
Agoda,8.9,9.0,,8.8,9.2,8.4,9.0,,,
Agoda,9.2,9.1,,8.9,9.2,8.5,9.5,,,
Agoda,9.2,9.0,,9.1,9.2,8.2,9.1,,,
Agoda,8.6,8.8,,9.0,9.2,7.5,8.5,,,
Agoda,9.0,8.4,,9.6,9.3,8.8,8.7,,,
Agoda,9.0,8.8,,9.3,9.0,8.9,8.8,,,
Agoda,8.9,8.7,,9.8,9.2,8.2,8.6,,,
Agoda,9.0,9.1,,9.3,9.0,8.1,8.8,,,
Agoda,8.8,9.3,,8.5,8.9,8.4,8.5,,,
Agoda,9.3,9.3,,9.5,9.5,8.3,8.9,,,
Agoda,8.9,9.2,,8.7,8.5,8.7,9.0,,,
Agoda,9.1,9.0,,9.3,9.4,8.4,8.6,,,
Agoda,8.8,8.8,,9.0,8.9,8.2,9.5,,,
Agoda,9.2,8.8,,9.8,8.9,8.0,8.9,,,
Agoda,9.0,8.5,,9.6,9.2,8.7,8.7,,,
Agoda,8.9,9.3,,9.0,8.7,8.6,8.4,,,
Agoda,8.8,8.9,,9.2,8.9,8.7,8.9,,,
Agoda,8.7,8.6,,9.3,8.8,8.1,8.8,,,
Agoda,9.1,8.8,,9.5,9.0,9.0,9.1,,,
Agoda,8.6,8.7,,9.2,8.9,7.9,8.9,,,
Agoda,9.0,9.0,,8.9,9.6,8.6,8.5,,,
Agoda,9.0,9.3,,9.0,9.6,7.8,9.4,,,
Agoda,8.7,8.9,,9.2,8.5,8.2,9.0,,,
Agoda,8.7,8.3,,9.6,9.3,8.9,8.8,,,
Agoda,9.0,8.9,,9.3,9.4,8.6,8.9,,,
Agoda,8.9,9.0,,9.0,9.3,8.2,9.0,,,
Agoda,8.8,8.9,,9.4,8.9,8.2,8.5,,,
Agoda,9.0,8.8,,9.1,9.0,8.4,8.9,,,
Agoda,9.3,9.1,,9.5,8.9,8.6,8.8,,,
Agoda,9.3,9.0,,10.0,9.0,8.8,9.1,,,
Agoda,8.6,9.0,,9.1,8.7,8.3,8.7,,,
Agoda,8.8,9.1,,9.4,9.1,7.9,8.7,,,
Agoda,8.9,8.9,,9.0,8.6,8.4,9.4,,,
Agoda,9.0,8.9,,9.2,9.0,8.3,9.3,,,
Agoda,8.9,9.4,,9.2,8.7,8.0,7.9,,,
Agoda,9.0,9.2,,9.1,9.2,8.5,9.2,,,
Agoda,9.0,9.2,,9.9,8.9,8.3,8.9,,,
Agoda,9.3,9.4,,9.1,9.2,8.5,8.7,,,
Agoda,9.0,9.2,,9.4,9.4,8.1,8.6,,,
Agoda,8.9,9.3,,8.6,9.6,8.5,8.6,,,
Agoda,8.8,8.5,,9.3,8.3,8.0,8.7,,,
Agoda,8.7,9.1,,9.5,8.8,8.2,8.6,,,
Agoda,8.3,8.9,,9.0,9.0,8.3,8.5,,,
Agoda,9.1,9.5,,8.4,9.2,8.9,8.6,,,
Agoda,9.1,9.3,,9.2,8.6,8.6,9.0,,,
Agoda,8.9,8.8,,9.2,8.8,8.7,8.9,,,
Agoda,8.9,9.1,,9.4,9.1,8.8,9.1,,,
Agoda,9.3,9.1,,9.8,9.1,9.5,8.9,,,
Agoda,8.9,9.1,,9.1,9.2,8.4,8.5,,,
Agoda,8.8,8.7,,8.9,9.2,8.8,9.0,,,
Agoda,9.1,9.1,,8.8,9.2,8.7,8.6,,,
Agoda,8.9,8.9,,9.3,9.2,8.7,9.1,,,
Agoda,9.1,9.1,,9.3,9.1,8.9,8.6,,,
Agoda,9.0,8.8,,9.0,9.3,8.3,8.7,,,
Agoda,8.8,8.8,,9.4,8.4,8.3,8.8,,,
Agoda,9.4,9.4,,9.3,9.6,8.5,9.1,,,
Agoda,8.8,8.7,,9.2,8.4,8.3,9.0,,,
Agoda,8.8,8.7,,8.9,8.8,8.5,8.9,,,
Agoda,9.1,9.0,,9.1,9.0,8.9,9.5,,,
Agoda,8.8,8.8,,8.5,9.3,8.3,8.3,,,
Agoda,8.5,8.7,,9.3,8.2,8.3,8.6,,,
Agoda,8.7,9.0,,9.2,9.1,8.5,8.6,,,
Agoda,9.0,8.5,,9.3,9.3,8.3,8.4,,,
Agoda,9.0,8.7,,9.4,9.4,7.8,8.7,,,
Agoda,9.1,9.6,,9.3,8.9,8.2,9.1,,,
Agoda,8.9,9.1,,9.2,9.0,8.6,8.7,,,
Agoda,8.7,8.8,,9.2,8.9,8.8,8.8,,,
Agoda,8.8,9.1,,8.8,9.0,8.1,8.4,,,
Agoda,8.6,9.2,,9.0,8.8,8.1,8.7,,,
Agoda,8.7,9.3,,9.2,8.8,8.4,8.8,,,
Agoda,8.8,9.0,,9.0,9.2,7.8,9.1,,,
Agoda,8.9,9.3,,9.5,9.1,8.3,8.4,,,
Agoda,8.7,8.4,,9.0,9.2,7.9,8.8,,,
Agoda,9.0,8.7,,9.3,9.2,8.8,9.2,,,
Agoda,8.8,9.0,,9.2,9.3,8.2,8.8,,,
Agoda,8.9,9.1,,9.4,9.4,8.9,8.3,,,
Agoda,8.8,8.7,,9.5,8.6,8.7,9.3,,,
Agoda,8.8,9.1,,9.4,8.8,8.2,9.1,,,
Agoda,8.5,8.8,,8.6,9.0,8.1,9.2,,,
Agoda,8.9,8.9,,9.6,9.1,8.3,8.4,,,
Agoda,8.9,9.3,,9.7,8.9,8.4,9.4,,,
Agoda,9.0,9.3,,9.1,9.4,8.5,8.7,,,
Agoda,9.0,8.7,,9.3,9.7,8.2,8.7,,,
Agoda,8.7,8.7,,8.9,9.2,8.6,8.7,,,
Agoda,8.9,8.9,,8.6,9.1,8.5,9.2,,,
Agoda,8.7,9.0,,9.0,9.4,8.3,8.8,,,
Agoda,8.5,8.8,,9.0,8.5,8.2,9.0,,,
Agoda,9.0,9.3,,9.1,9.1,8.3,8.9,,,
Agoda,9.0,9.1,,8.9,9.4,8.2,8.9,,,
Agoda,9.0,9.1,,9.0,8.9,8.4,8.6,,,
Agoda,9.0,8.6,,9.2,8.7,8.4,9.4,,,
Agoda,8.9,9.4,,9.0,9.0,8.5,8.5,,,
Agoda,8.9,8.2,,9.4,9.1,8.9,9.0,,,
Agoda,8.8,9.3,,9.4,8.8,8.4,9.0,,,
Agoda,9.2,9.3,,9.9,9.7,8.7,9.2,,,
Agoda,9.0,8.9,,9.5,9.0,8.5,9.3,,,
Agoda,8.8,9.4,,9.3,8.8,8.3,8.9,,,
Agoda,9.1,9.0,,9.0,9.1,8.4,9.1,,,
Agoda,8.9,9.0,,9.3,9.4,8.4,9.4,,,
Agoda,9.1,9.1,,9.3,9.1,8.5,8.9,,,
Agoda,8.9,10.0,,9.0,9.2,8.1,8.6,,,
Agoda,8.8,9.4,,9.4,8.8,8.0,8.8,,,
Agoda,9.1,9.2,,8.8,9.5,8.6,8.5,,,
Agoda,8.9,8.7,,9.1,9.3,8.7,9.0,,,
Agoda,9.0,9.0,,9.4,9.4,8.6,9.2,,,
Agoda,8.8,8.8,,9.1,9.2,8.4,8.9,,,
Agoda,9.3,9.2,,9.1,9.3,8.6,8.4,,,
Agoda,8.8,9.0,,9.2,8.8,8.6,9.2,,,
Agoda,8.8,8.7,,8.9,9.0,8.6,8.4,,,
Agoda,9.0,9.0,,9.6,9.5,8.1,8.4,,,
Agoda,8.9,8.7,,8.9,9.6,8.1,8.8,,,
Agoda,8.8,9.0,,9.3,8.8,8.3,9.0,,,
Agoda,8.9,8.7,,9.3,9.2,8.4,9.0,,,
Agoda,8.9,9.0,,8.9,9.0,8.3,8.9,,,
Agoda,8.7,9.2,,9.2,8.9,7.8,9.4,,,
Agoda,9.2,9.0,,8.9,9.2,8.9,8.9,,,
Agoda,9.3,8.9,,9.6,9.4,8.3,9.2,,,
Agoda,9.1,9.1,,8.9,9.2,8.5,9.1,,,
Agoda,9.0,9.2,,9.0,9.0,8.8,8.5,,,
Agoda,8.2,8.7,,8.8,9.3,7.7,8.8,,,
Agoda,8.9,9.1,,8.8,9.0,8.2,9.5,,,
Agoda,9.1,9.4,,9.7,9.2,8.3,8.7,,,
Agoda,9.0,9.2,,9.4,9.5,8.3,8.7,,,
Agoda,8.5,9.0,,9.2,8.5,8.3,9.0,,,
Agoda,9.1,9.2,,9.0,9.3,8.8,8.8,,,
Agoda,8.7,9.1,,9.5,8.6,8.6,8.7,,,
Agoda,9.1,9.2,,9.0,9.5,8.7,8.8,,,
Agoda,9.0,8.4,,9.4,8.9,8.4,9.3,,,
Agoda,8.5,8.5,,8.9,8.7,8.0,8.9,,,
Agoda,9.0,9.3,,9.0,9.3,7.8,8.5,,,
Agoda,8.6,8.5,,9.4,9.2,7.9,8.4,,,
Agoda,9.1,9.1,,9.5,8.8,8.5,9.6,,,
Agoda,8.6,8.9,,9.4,8.7,8.4,8.8,,,
Agoda,8.9,8.7,,8.9,9.0,8.3,9.0,,,
Agoda,8.9,9.1,,9.1,8.7,8.3,8.7,,,
Agoda,9.1,9.1,,9.2,8.8,9.0,9.0,,,
Agoda,9.0,9.6,,8.9,9.1,8.2,9.3,,,
Agoda,8.7,8.8,,9.6,8.8,8.7,8.7,,,
Agoda,8.9,9.4,,8.5,9.2,8.4,9.0,,,
Agoda,9.1,9.1,,9.0,9.5,8.4,8.5,,,
Agoda,9.0,8.8,,9.0,9.1,8.8,9.5,,,
Agoda,8.7,9.2,,8.3,9.1,8.8,9.0,,,
Agoda,8.9,9.2,,8.8,9.7,8.3,8.8,,,
Agoda,9.1,9.0,,9.4,8.7,8.6,8.8,,,
Agoda,9.1,9.1,,9.2,9.5,8.5,8.7,,,
Agoda,8.9,8.8,,9.7,9.4,8.4,8.8,,,
Agoda,8.7,8.8,,9.7,9.4,8.5,8.2,,,
Agoda,9.0,9.2,,9.3,9.5,8.2,8.9,,,
Agoda,8.7,8.9,,9.3,9.2,8.3,8.9,,,
Agoda,8.8,9.0,,9.2,8.9,8.2,9.0,,,
Agoda,9.3,9.1,,8.4,9.4,8.7,8.7,,,
Agoda,8.7,9.1,,8.8,9.4,8.4,8.7,,,
Agoda,8.8,8.6,,9.2,9.4,8.0,8.9,,,
Agoda,9.2,9.4,,9.4,9.1,8.2,8.4,,,
Agoda,8.8,9.0,,9.3,8.9,7.4,8.9,,,
Agoda,8.8,8.9,,8.9,9.2,8.3,8.3,,,
Agoda,9.1,9.1,,9.5,9.4,8.4,9.2,,,
Agoda,9.0,9.1,,9.6,9.4,8.4,9.1,,,
Agoda,9.1,9.2,,9.5,9.0,9.0,8.6,,,
Agoda,9.2,9.2,,9.5,9.2,8.6,9.1,,,
Agoda,9.1,9.2,,9.0,8.7,8.6,8.9,,,
Agoda,8.9,9.4,,9.5,9.4,7.9,8.6,,,
Agoda,8.9,9.3,,9.2,8.9,8.3,8.3,,,
Agoda,8.9,9.0,,9.4,9.3,8.3,9.0,,,
Agoda,8.8,8.7,,9.3,8.8,8.2,8.7,,,
Agoda,9.2,9.5,,9.2,9.4,8.2,9.2,,,
Agoda,8.9,8.9,,8.9,9.2,7.9,8.9,,,
Agoda,8.6,8.9,,9.2,8.9,8.0,8.7,,,
Agoda,9.1,8.5,,9.5,9.3,8.7,9.4,,,
Agoda,8.8,9.1,,9.1,8.9,8.4,9.1,,,
Agoda,9.0,9.0,,9.5,9.3,8.2,7.8,,,
Agoda,8.8,8.5,,9.4,9.0,8.4,8.8,,,
Agoda,8.6,9.1,,9.1,8.6,8.8,8.5,,,
Agoda,8.9,8.9,,9.6,8.8,8.4,8.7,,,
Agoda,9.2,9.8,,9.1,9.0,8.6,8.9,,,
Agoda,9.1,8.8,,9.7,9.5,8.1,9.0,,,
Agoda,8.9,8.9,,9.3,9.4,8.2,9.0,,,
Agoda,8.9,8.7,,9.2,9.6,8.5,9.2,,,
Agoda,9.1,9.4,,8.9,9.6,9.0,9.1,,,
Agoda,8.9,8.9,,9.2,8.9,8.8,9.1,,,
Agoda,8.8,8.8,,9.1,9.0,8.6,9.0,,,
Agoda,9.1,9.2,,8.8,9.0,8.4,9.3,,,
Agoda,8.7,8.6,,9.1,8.9,8.8,8.8,,,
Agoda,8.8,9.2,,9.0,8.5,8.6,8.8,,,
Agoda,8.9,9.5,,9.4,9.1,7.7,8.3,,,
Agoda,9.1,9.2,,9.6,8.7,8.1,9.2,,,
Agoda,9.1,9.2,,8.8,9.1,8.5,8.9,,,
Agoda,9.4,9.3,,9.7,9.7,7.9,9.8,,,
Agoda,9.0,9.5,,9.2,8.9,8.1,8.8,,,
Agoda,8.8,9.4,,8.9,9.2,8.2,8.9,,,
Agoda,8.9,9.1,,9.4,9.4,8.3,9.1,,,
Agoda,8.8,9.3,,9.1,9.2,8.3,8.6,,,
Agoda,9.0,8.7,,9.2,9.2,8.3,9.0,,,
Agoda,9.0,9.2,,9.1,9.0,8.6,8.9,,,
Agoda,8.9,8.7,,9.0,9.0,8.3,8.8,,,
Agoda,9.0,8.9,,9.4,8.8,8.3,9.3,,,
Agoda,8.5,8.1,,9.1,9.4,8.0,8.6,,,
Agoda,8.8,9.1,,8.8,8.6,8.7,9.0,,,
Agoda,9.0,8.8,,9.4,9.4,8.2,9.3,,,
Agoda,8.7,9.3,,8.8,8.7,8.1,8.7,,,
Agoda,8.9,9.1,,8.9,9.4,8.5,8.8,,,
Agoda,9.3,9.3,,9.6,9.0,8.2,9.6,,,
Agoda,8.7,8.7,,8.8,8.7,8.2,9.0,,,
Agoda,8.9,9.3,,8.5,9.3,8.5,8.7,,,
Agoda,9.1,9.6,,9.4,9.4,8.3,9.1,,,
Agoda,9.2,9.2,,9.1,9.0,9.1,8.7,,,
Agoda,8.8,9.2,,9.1,9.3,8.4,8.4,,,
Agoda,8.9,9.1,,9.1,8.4,8.6,9.3,,,
Agoda,8.7,8.8,,9.3,8.7,7.8,8.6,,,
Agoda,9.0,9.2,,9.0,9.5,8.1,9.6,,,
Agoda,8.8,8.5,,9.6,9.0,8.1,8.8,,,
Agoda,8.7,8.9,,8.8,8.5,8.1,9.5,,,
Agoda,8.8,8.5,,9.3,8.9,8.5,8.5,,,
Agoda,8.9,8.8,,9.4,8.8,8.7,9.2,,,
Agoda,9.0,9.2,,9.0,9.1,8.5,9.0,,,
Agoda,8.9,9.2,,8.9,9.0,8.3,9.2,,,
Agoda,9.0,9.0,,9.5,9.2,8.2,9.2,,,
Agoda,8.8,9.1,,8.9,9.1,8.7,8.8,,,
Agoda,8.9,8.4,,9.0,9.5,9.0,8.5,,,
Agoda,9.0,8.9,,9.5,9.2,8.4,8.9,,,
Agoda,9.0,8.8,,9.2,9.2,8.7,9.0,,,
Agoda,9.0,8.8,,8.7,9.4,8.5,8.8,,,
Agoda,9.2,9.2,,9.7,9.0,8.6,9.0,,,
Agoda,8.5,8.7,,9.0,8.7,8.1,9.0,,,
Agoda,8.9,8.8,,9.1,9.5,8.3,8.6,,,
Agoda,8.8,8.4,,9.3,9.1,8.5,9.0,,,
Agoda,9.0,8.9,,9.4,9.1,8.8,8.8,,,
Agoda,8.9,8.7,,9.8,8.9,8.2,8.7,,,
Agoda,8.8,9.0,,8.7,8.9,7.8,9.1,,,
Agoda,9.0,8.7,,9.4,9.4,8.3,8.7,,,
Agoda,9.3,9.0,,9.4,9.4,8.7,8.8,,,
Agoda,8.9,9.0,,9.2,9.3,7.9,8.9,,,
Agoda,9.0,9.5,,9.4,9.3,8.0,9.3,,,
Agoda,9.0,9.1,,9.5,9.3,8.4,9.0,,,
Agoda,8.8,8.4,,8.8,9.1,8.4,9.1,,,
Agoda,8.7,8.6,,9.7,9.0,8.6,8.8,,,
Agoda,8.7,9.0,,8.7,9.5,8.0,8.9,,,
Agoda,8.8,8.7,,8.9,9.0,8.3,8.9,,,
Agoda,8.9,8.1,,9.1,9.2,8.8,9.0,,,
Agoda,9.2,9.4,,9.8,8.9,8.0,8.8,,,
Agoda,9.0,9.2,,9.1,8.9,8.8,9.3,,,
Agoda,9.0,9.2,,9.2,9.0,8.1,8.8,,,
Agoda,8.9,8.8,,9.6,8.9,8.7,8.4,,,
Agoda,8.8,9.1,,9.1,9.3,8.3,9.7,,,
Agoda,8.6,8.8,,8.8,8.7,8.1,8.8,,,
Agoda,8.9,9.1,,9.1,9.1,8.3,9.3,,,
Agoda,9.2,8.7,,9.6,9.1,8.6,9.3,,,
Agoda,9.0,9.5,,9.2,8.6,8.4,9.2,,,
Agoda,8.8,8.5,,9.8,9.0,8.7,8.8,,,
Agoda,9.0,9.4,,9.4,9.2,8.8,9.0,,,
Agoda,8.8,9.0,,9.0,9.2,8.0,8.5,,,
Agoda,8.5,8.9,,9.2,9.0,8.0,9.5,,,
Agoda,8.8,9.1,,8.9,9.3,8.0,8.6,,,
Agoda,8.9,9.2,,9.0,9.1,8.1,8.8,,,
Agoda,9.1,9.4,,10.0,9.1,8.7,8.9,,,
Agoda,9.2,9.1,,9.5,9.2,8.6,8.9,,,
Agoda,9.1,8.7,,9.5,9.4,8.2,8.7,,,
Agoda,8.7,9.0,,9.0,8.9,8.4,9.3,,,
Agoda,9.2,9.5,,9.7,9.0,8.8,9.2,,,
Agoda,9.3,9.4,,9.5,8.9,9.0,9.0,,,
Agoda,9.1,9.3,,9.8,9.0,8.5,8.8,,,
Agoda,8.8,9.2,,9.7,9.5,7.6,9.2,,,
Agoda,8.9,9.2,,8.8,9.3,8.5,8.8,,,
Agoda,8.9,9.3,,8.9,8.8,8.7,9.4,,,
Agoda,9.0,8.9,,8.9,8.9,8.5,8.9,,,
Agoda,9.0,8.6,,8.9,9.2,8.6,9.3,,,
Agoda,8.9,9.0,,9.3,8.8,8.5,8.9,,,
Agoda,8.7,8.8,,9.0,8.9,8.0,8.9,,,
Agoda,8.9,8.7,,9.8,9.5,8.1,9.3,,,
Agoda,8.9,8.8,,9.8,8.9,8.3,9.6,,,
Agoda,9.5,9.7,,9.2,9.4,8.7,9.4,,,
Agoda,9.2,9.0,,9.8,9.5,8.2,9.2,,,
Agoda,9.2,9.1,,9.6,8.9,8.5,9.1,,,
Agoda,8.8,8.6,,9.1,8.8,8.5,8.7,,,
Agoda,8.9,8.4,,8.6,9.0,8.9,9.0,,,
Agoda,8.5,8.8,,9.1,8.8,8.4,8.6,,,
Agoda,8.9,9.4,,9.0,9.1,7.9,9.0,,,
Agoda,9.3,9.1,,9.3,9.0,8.6,9.0,,,
Agoda,9.2,9.2,,9.2,9.2,9.0,8.3,,,
Agoda,9.3,9.2,,9.2,9.5,8.6,8.9,,,
Agoda,8.9,8.8,,9.4,9.3,8.2,9.0,,,
Agoda,8.8,9.4,,8.8,9.2,8.1,8.9,,,
Agoda,8.6,8.8,,9.3,8.5,8.1,9.0,,,
Agoda,9.0,9.4,,9.1,9.2,9.0,8.5,,,
Agoda,9.2,9.1,,9.3,9.6,8.3,8.7,,,
Agoda,8.7,8.5,,9.5,8.2,8.2,9.2,,,
Agoda,8.8,8.8,,8.8,9.3,8.4,8.9,,,
Agoda,8.9,8.5,,9.1,9.1,8.3,9.0,,,
Agoda,9.0,9.3,,9.2,8.8,8.9,8.7,,,
Agoda,9.0,9.0,,9.0,9.3,8.1,8.9,,,
Agoda,9.1,8.3,,9.5,9.6,8.8,8.2,,,
Agoda,8.8,9.1,,9.0,9.3,8.4,9.2,,,
Agoda,9.0,8.8,,9.0,9.0,8.8,9.4,,,
Agoda,8.5,8.6,,9.0,8.8,8.9,8.6,,,
Agoda,9.1,9.5,,9.5,9.1,8.4,8.6,,,
Agoda,9.1,9.0,,9.1,9.4,8.3,9.0,,,
Agoda,8.7,8.9,,9.3,9.0,8.4,9.3,,,
Agoda,8.9,8.9,,9.8,9.0,8.4,8.9,,,
Agoda,8.9,8.5,,9.2,9.9,7.9,8.5,,,
Agoda,9.1,8.6,,9.5,9.4,8.9,8.8,,,
Agoda,9.2,9.4,,9.7,9.4,8.5,8.6,,,
Agoda,8.6,8.9,,9.5,8.7,8.1,8.7,,,
Agoda,8.7,9.0,,9.2,8.9,7.8,8.8,,,
Agoda,8.4,8.4,,9.4,9.1,7.7,8.6,,,
Agoda,8.7,8.6,,8.8,8.8,8.6,8.7,,,
Agoda,9.0,9.2,,9.0,9.6,8.2,8.9,,,
Agoda,9.0,9.1,,9.0,9.5,8.3,9.0,,,
Agoda,9.0,9.5,,9.9,8.9,8.5,8.5,,,
Agoda,8.9,9.4,,9.0,9.6,8.2,9.0,,,
Agoda,8.8,8.9,,9.0,9.1,8.6,8.8,,,
Agoda,9.3,9.1,,8.9,9.9,8.4,9.1,,,
Agoda,9.2,8.9,,9.4,9.1,8.4,9.1,,,
Agoda,9.4,9.6,,9.2,9.3,7.9,8.7,,,
Agoda,9.4,9.3,,9.5,9.5,8.2,9.1,,,
Agoda,8.9,9.1,,9.4,9.5,8.6,8.6,,,
Agoda,8.9,9.1,,8.8,9.3,8.2,9.3,,,
Agoda,9.1,9.4,,9.0,9.1,8.8,8.7,,,
Agoda,9.3,9.2,,9.6,9.3,9.1,9.0,,,
Agoda,9.0,9.5,,9.1,8.9,8.6,8.8,,,
Agoda,9.3,8.3,,9.6,9.1,8.8,8.6,,,
Agoda,8.8,9.1,,9.2,8.8,8.6,9.2,,,
Agoda,8.5,8.8,,8.9,8.6,8.2,8.7,,,
Agoda,9.3,9.5,,9.1,9.1,8.5,8.4,,,
Agoda,9.0,9.5,,8.9,9.5,9.0,8.0,,,
Agoda,9.0,9.0,,9.0,9.4,8.2,8.6,,,
Agoda,9.2,9.5,,9.3,9.1,8.1,9.3,,,
Agoda,9.3,9.5,,9.4,9.6,8.1,9.3,,,
Agoda,8.8,9.0,,8.7,8.9,8.3,8.7,,,
Agoda,9.0,9.7,,9.2,8.5,8.1,8.8,,,
Agoda,8.7,9.0,,9.0,8.4,8.9,8.8,,,
Agoda,8.7,8.9,,9.0,8.7,8.5,8.5,,,
Agoda,9.2,9.3,,9.2,9.3,8.7,8.6,,,
Agoda,8.5,8.9,,9.0,8.9,8.3,9.2,,,
Agoda,9.2,9.0,,9.6,9.2,8.1,9.1,,,
Agoda,9.2,9.4,,9.6,9.6,8.0,9.0,,,
Agoda,8.9,9.0,,9.6,8.8,8.1,8.5,,,
Agoda,8.6,8.5,,9.1,9.2,8.5,8.9,,,
Agoda,8.7,9.1,,8.9,9.3,8.6,8.2,,,
Agoda,8.8,8.8,,9.2,8.8,8.6,9.2,,,
Agoda,9.2,9.3,,9.2,9.5,8.0,9.0,,,
Agoda,8.6,9.2,,9.0,9.0,8.4,8.5,,,
Agoda,9.0,9.4,,8.8,9.0,8.1,9.4,,,
Agoda,9.1,9.3,,9.2,9.7,8.5,8.4,,,
Agoda,9.0,9.3,,9.1,9.3,8.5,9.1,,,
Agoda,9.0,8.8,,9.4,9.4,8.0,9.1,,,
Agoda,9.2,9.2,,9.4,9.5,8.7,8.5,,,
Agoda,9.1,9.6,,9.5,8.9,9.1,8.9,,,
Agoda,9.0,8.8,,8.8,9.5,8.7,8.4,,,
Agoda,8.6,9.5,,9.3,8.9,8.4,8.0,,,
Agoda,8.7,8.8,,9.0,8.9,8.3,8.6,,,
Agoda,8.7,8.7,,8.8,9.0,8.3,8.7,,,
Agoda,8.8,9.1,,9.1,8.9,8.2,9.1,,,
Agoda,8.8,9.2,,9.5,9.3,8.5,8.9,,,
Agoda,9.1,9.3,,9.1,9.2,8.1,8.9,,,
Agoda,8.6,8.7,,9.7,9.0,7.8,8.6,,,
Agoda,9.0,9.1,,9.4,9.3,8.5,8.7,,,
Agoda,8.8,8.8,,9.1,9.0,8.4,8.6,,,
Agoda,8.8,8.6,,9.5,9.0,8.2,8.5,,,
Agoda,9.0,8.7,,9.3,9.1,8.0,8.7,,,
Agoda,8.9,8.8,,8.9,9.2,8.5,8.9,,,
Agoda,9.1,9.2,,9.8,9.2,8.1,8.7,,,
Agoda,9.0,9.3,,9.3,9.0,8.4,8.8,,,
Agoda,9.1,8.6,,9.2,9.4,8.9,9.1,,,
Agoda,9.1,9.1,,8.9,9.0,8.6,8.7,,,
Agoda,8.8,8.6,,9.6,8.9,8.0,8.5,,,
Agoda,9.0,9.2,,9.4,8.7,8.0,9.1,,,
Agoda,9.2,8.8,,9.4,9.4,8.4,9.0,,,
Agoda,9.0,8.7,,9.0,9.1,8.0,9.0,,,
Agoda,8.9,9.2,,9.5,9.2,7.8,9.1,,,
Agoda,9.2,8.8,,9.5,9.4,8.6,9.0,,,
Agoda,8.9,8.9,,9.0,9.0,8.5,8.9,,,
Agoda,8.8,8.3,,8.8,8.7,8.5,9.6,,,
Agoda,9.1,9.3,,9.4,9.1,8.5,8.5,,,
Agoda,8.9,9.2,,8.7,9.2,8.4,8.7,,,
Agoda,9.0,9.0,,9.2,9.0,8.2,9.2,,,
Agoda,9.0,8.5,,9.1,9.5,8.6,8.9,,,
Agoda,9.1,9.4,,9.6,8.4,8.9,9.1,,,
Agoda,8.9,8.8,,9.1,9.4,8.2,9.0,,,
Agoda,9.0,8.9,,9.5,9.3,8.1,9.3,,,
Agoda,9.3,9.7,,9.0,9.2,8.1,8.6,,,
Agoda,8.7,8.8,,9.5,8.1,8.1,9.3,,,
Agoda,9.2,9.2,,9.8,9.5,8.5,9.3,,,
Agoda,8.6,9.2,,8.9,8.8,7.8,8.5,,,
Agoda,9.1,9.1,,9.3,8.9,8.5,9.1,,,
Agoda,9.0,9.1,,10.0,9.0,8.6,8.9,,,
Agoda,8.6,9.1,,9.2,9.2,7.9,8.7,,,
Agoda,8.7,9.1,,9.2,9.3,8.1,8.3,,,
Agoda,8.8,9.0,,9.4,9.4,8.4,8.6,,,
Agoda,8.9,9.5,,9.2,9.3,8.4,9.1,,,
Agoda,8.6,8.6,,8.7,9.2,8.6,9.1,,,
Agoda,9.3,9.3,,9.5,9.2,8.4,8.8,,,
Agoda,8.9,9.2,,8.6,8.8,8.8,9.1,,,
Agoda,8.9,9.2,,9.1,8.9,8.3,9.2,,,
Agoda,8.9,9.3,,9.6,9.4,8.1,8.9,,,
Agoda,8.9,9.0,,9.1,9.4,8.1,8.7,,,
Agoda,8.6,8.4,,9.0,9.3,8.6,9.0,,,
Agoda,8.9,9.0,,9.5,8.9,8.4,9.0,,,
Agoda,9.2,8.7,,8.9,9.4,8.6,9.1,,,
Agoda,8.9,8.8,,8.8,8.8,8.6,9.2,,,
Agoda,8.7,8.6,,9.3,9.4,7.8,8.5,,,
Agoda,8.9,8.9,,9.1,9.0,8.1,8.7,,,
Agoda,8.7,8.8,,8.8,9.6,8.1,8.3,,,
Agoda,8.5,8.3,,9.4,8.6,8.2,9.1,,,
Agoda,9.4,9.2,,9.3,9.6,8.3,8.8,,,
Agoda,9.0,9.7,,9.1,9.0,8.7,9.0,,,
Agoda,8.9,9.2,,9.1,9.0,8.8,8.5,,,
Agoda,9.0,8.9,,9.3,9.2,8.3,9.3,,,
Agoda,8.8,9.0,,9.6,8.9,8.3,8.5,,,
Agoda,9.0,8.9,,9.1,9.1,8.2,9.1,,,
Agoda,8.9,9.0,,9.4,8.9,8.4,8.9,,,
Agoda,9.0,9.0,,9.4,8.9,8.5,8.8,,,
Agoda,9.1,8.7,,9.5,9.2,8.6,8.8,,,
Agoda,9.0,9.5,,9.2,8.8,8.6,8.7,,,
Agoda,8.9,8.6,,8.9,8.9,7.7,9.3,,,
Agoda,8.8,9.2,,9.1,8.7,8.4,8.9,,,
Agoda,9.1,9.0,,9.3,8.9,8.8,8.5,,,
Agoda,9.4,9.6,,9.7,9.5,8.3,8.8,,,
Agoda,9.2,9.1,,9.1,8.8,8.7,8.9,,,
Agoda,8.9,8.9,,9.4,8.9,8.3,9.2,,,
Agoda,8.8,8.9,,9.1,9.2,8.5,8.7,,,
Agoda,9.1,9.0,,9.2,9.0,8.1,8.7,,,
Agoda,9.0,8.7,,9.7,9.8,8.1,8.9,,,
Agoda,8.9,8.8,,9.4,9.1,8.6,9.2,,,
Agoda,8.7,8.5,,8.8,9.2,8.7,8.5,,,
Agoda,8.8,8.7,,9.0,9.4,8.4,9.1,,,
Agoda,9.1,9.0,,9.6,9.4,8.0,8.8,,,
Agoda,8.9,9.1,,9.2,9.2,8.4,8.8,,,
Agoda,8.8,8.4,,8.9,9.1,8.8,9.5,,,
Agoda,9.3,9.0,,9.0,9.7,8.9,8.8,,,
Agoda,9.1,9.2,,9.4,9.1,8.3,9.1,,,
Agoda,8.9,9.0,,9.5,9.0,7.9,9.1,,,
Agoda,8.9,8.8,,9.2,8.9,8.7,8.5,,,
Agoda,8.8,8.9,,9.9,8.6,8.3,8.3,,,
Agoda,9.0,8.8,,9.4,9.3,8.7,9.1,,,
Agoda,8.7,8.8,,9.1,8.4,8.5,8.6,,,
Agoda,8.9,9.1,,9.0,9.1,8.1,8.4,,,
Agoda,9.0,9.7,,8.9,9.0,8.4,9.2,,,
Agoda,9.2,8.8,,9.3,9.8,8.8,8.6,,,
Agoda,8.6,8.9,,9.1,8.6,8.4,8.7,,,
Agoda,8.9,9.0,,9.7,8.8,8.1,9.5,,,
Agoda,8.7,8.8,,9.6,9.1,7.9,8.4,,,
Agoda,8.9,9.3,,9.4,9.0,8.2,8.5,,,
Agoda,8.8,8.3,,8.8,8.9,8.3,8.8,,,
Agoda,9.0,8.8,,9.0,9.1,8.6,8.8,,,
Agoda,8.7,9.2,,9.6,8.7,8.1,8.6,,,
Agoda,9.0,8.9,,9.0,9.2,8.9,8.6,,,
Agoda,8.7,8.8,,9.5,8.4,8.0,9.4,,,
Agoda,9.0,9.1,,9.3,9.1,9.1,9.0,,,
Agoda,8.9,9.3,,9.2,8.9,8.9,9.1,,,
Agoda,9.1,9.1,,9.0,9.4,8.4,8.9,,,
Agoda,8.7,8.8,,9.2,9.6,7.9,9.0,,,
Agoda,9.0,9.1,,9.3,9.0,8.4,9.2,,,
Agoda,8.9,8.9,,9.5,9.5,8.3,8.6,,,
Agoda,8.9,9.2,,8.9,9.0,8.0,9.0,,,
Agoda,8.9,9.4,,9.1,8.8,8.5,9.1,,,
Agoda,8.8,8.2,,9.2,9.6,8.2,9.4,,,
Agoda,9.0,9.0,,9.4,9.3,8.2,9.5,,,
Agoda,8.8,8.5,,8.9,9.1,8.3,8.9,,,
Agoda,9.1,9.7,,8.8,9.3,8.2,9.2,,,
Agoda,9.0,8.9,,9.4,9.2,9.0,8.1,,,
Agoda,8.8,9.2,,8.7,9.1,8.2,9.4,,,
Agoda,8.7,9.0,,9.6,8.7,8.5,8.7,,,
Agoda,8.7,8.8,,9.2,9.0,8.4,8.8,,,
Agoda,8.9,8.7,,8.7,9.3,8.5,9.0,,,
Agoda,9.0,9.5,,9.1,9.1,8.5,8.9,,,
Agoda,9.1,9.3,,9.3,9.4,8.7,9.0,,,
Agoda,8.9,9.6,,9.0,9.2,8.5,9.4,,,
Agoda,8.6,9.0,,9.2,8.8,8.5,8.8,,,
Agoda,8.8,9.1,,9.4,8.7,8.4,8.6,,,
Agoda,9.1,8.9,,9.1,9.1,8.4,9.4,,,
Agoda,8.7,8.9,,8.9,8.9,8.1,9.1,,,
Agoda,9.0,8.7,,9.1,9.2,8.4,9.5,,,
Agoda,8.9,9.0,,9.6,8.9,8.5,9.2,,,
Agoda,9.0,8.8,,9.7,8.9,8.5,8.5,,,
Agoda,8.9,9.1,,8.6,9.4,8.5,9.1,,,
Agoda,8.8,9.1,,9.5,9.1,8.3,8.6,,,
Agoda,8.9,9.1,,9.3,8.9,8.4,8.9,,,
Agoda,9.4,9.5,,9.5,9.1,8.2,8.9,,,
Agoda,9.2,9.0,,9.0,9.5,8.5,8.4,,,
Agoda,8.9,9.2,,8.7,9.2,8.3,8.7,,,
Agoda,9.2,9.6,,9.4,9.3,8.5,9.6,,,
Agoda,9.0,9.4,,8.9,8.9,8.7,9.0,,,
Agoda,9.0,9.3,,8.8,9.4,8.2,8.8,,,
Agoda,9.1,8.9,,8.8,9.8,8.6,9.4,,,
Agoda,9.0,9.1,,9.4,8.9,8.4,8.8,,,
Agoda,8.9,8.6,,9.2,8.7,9.0,8.9,,,
Agoda,9.0,9.1,,9.4,9.2,8.3,9.2,,,
Agoda,8.9,9.1,,9.4,9.4,8.6,8.8,,,
Agoda,8.8,9.0,,9.1,9.1,8.4,8.7,,,
Agoda,8.9,9.3,,9.2,8.8,8.0,8.2,,,
Agoda,8.7,8.6,,9.0,9.1,8.2,8.6,,,
Agoda,9.2,9.5,,9.1,9.3,8.7,8.6,,,
Agoda,8.9,9.3,,8.9,9.0,8.3,8.9,,,
Agoda,8.7,9.0,,9.3,9.3,7.7,8.7,,,
Agoda,9.1,9.0,,9.5,9.4,8.4,9.5,,,
Agoda,8.7,9.1,,9.0,9.2,8.1,8.6,,,
Agoda,9.0,9.5,,9.6,9.1,8.4,9.3,,,
Agoda,9.3,9.0,,9.2,9.3,8.9,9.0,,,
Agoda,8.9,9.0,,9.3,8.8,8.6,9.1,,,
Agoda,8.8,9.0,,8.7,8.8,8.9,9.1,,,
Agoda,9.1,9.5,,8.7,9.0,8.2,8.2,,,
Agoda,9.0,8.9,,9.2,9.0,8.4,8.9,,,
Agoda,8.8,9.0,,9.4,8.9,8.1,8.8,,,
Agoda,9.1,9.4,,9.0,9.6,8.2,8.6,,,
Agoda,9.1,9.0,,9.7,9.8,8.1,9.0,,,
Agoda,8.9,9.3,,9.4,9.0,8.0,9.4,,,
Agoda,8.9,8.7,,8.9,9.1,8.8,8.1,,,
Agoda,8.7,8.9,,9.2,9.0,7.8,8.7,,,
Agoda,9.3,9.4,,9.9,9.4,8.8,8.5,,,
Agoda,9.1,8.8,,8.8,9.5,8.8,8.9,,,
Agoda,9.0,9.0,,9.4,8.6,8.5,8.8,,,
Agoda,8.8,9.1,,9.1,9.2,8.1,8.7,,,
Agoda,8.8,8.7,,9.4,8.7,7.9,9.1,,,
Agoda,9.0,8.9,,9.6,9.6,8.2,9.4,,,
Agoda,9.1,9.0,,9.1,9.2,8.6,9.7,,,
Agoda,8.9,9.0,,9.5,8.9,8.4,8.7,,,
Agoda,9.1,9.4,,9.9,9.0,8.1,8.4,,,
Agoda,9.1,9.5,,9.2,9.0,8.7,9.1,,,
Agoda,9.4,8.7,,9.4,9.3,8.9,9.4,,,
Agoda,8.8,9.0,,9.0,9.4,8.3,9.1,,,
Agoda,9.1,9.2,,9.2,8.8,8.4,9.4,,,
Agoda,8.9,9.5,,9.1,9.7,7.9,8.8,,,
Agoda,9.2,9.2,,9.4,9.6,8.3,8.7,,,
Agoda,9.1,9.1,,9.6,8.8,8.6,8.9,,,
Agoda,9.0,9.2,,9.2,9.1,8.5,8.8,,,
Agoda,9.1,9.2,,9.7,9.6,8.2,9.1,,,
Agoda,9.1,8.7,,9.7,9.5,8.3,9.2,,,
Agoda,9.0,9.1,,9.5,9.0,8.3,9.2,,,
Agoda,9.3,9.4,,9.0,9.3,8.3,9.1,,,
Agoda,9.0,8.9,,9.0,10.0,8.5,9.0,,,
Agoda,8.7,9.0,,9.0,9.1,7.8,9.1,,,
Agoda,8.9,8.9,,9.5,8.9,8.4,8.3,,,
Agoda,8.7,8.3,,8.8,9.2,8.5,9.0,,,
Agoda,8.9,9.0,,9.4,9.2,8.2,8.9,,,
Agoda,9.0,9.1,,8.9,8.9,8.3,9.0,,,
Agoda,8.5,8.8,,9.4,9.2,8.3,8.9,,,
Agoda,8.7,8.7,,9.2,8.7,8.3,9.0,,,
Agoda,8.6,8.7,,9.6,8.9,8.4,8.7,,,
Agoda,8.9,9.2,,9.5,9.3,8.4,9.2,,,
Agoda,9.3,9.6,,9.6,8.6,7.8,9.0,,,
Tiket.com,9.4,9.4,,10.0,9.8,8.8,8.8,,,
Tiket.com,8.9,9.5,,9.0,9.1,9.2,9.1,,,
Tiket.com,8.9,9.2,,9.2,8.9,9.2,9.6,,,
Tiket.com,9.2,9.4,,9.1,9.7,9.1,8.8,,,
Tiket.com,9.3,8.7,,9.4,9.8,9.2,9.2,,,
Tiket.com,9.4,9.5,,9.6,9.1,9.5,9.1,,,
Tiket.com,9.2,9.0,,9.7,9.1,9.4,9.0,,,
Tiket.com,9.1,9.0,,9.4,9.2,9.4,9.7,,,
Tiket.com,9.3,9.4,,10.0,8.7,8.8,9.2,,,
Tiket.com,9.1,9.3,,9.0,9.1,10.0,9.7,,,
Tiket.com,9.0,9.2,,8.9,9.7,9.5,9.2,,,
Tiket.com,9.2,8.8,,9.6,9.1,9.4,9.3,,,
Tiket.com,9.0,9.2,,9.2,8.9,8.9,9.0,,,
Tiket.com,9.4,9.5,,8.8,9.3,9.5,9.0,,,
Tiket.com,9.1,9.0,,9.1,9.0,9.0,9.3,,,
Tiket.com,9.6,9.6,,9.3,9.2,9.1,9.3,,,
Tiket.com,8.8,8.9,,9.0,8.8,8.7,9.4,,,
Tiket.com,9.1,9.2,,8.9,8.9,8.8,9.3,,,
Tiket.com,9.3,9.7,,9.1,9.4,9.3,8.8,,,
Tiket.com,9.3,9.0,,8.9,9.2,9.5,9.0,,,
Tiket.com,9.3,9.5,,9.4,9.0,9.4,9.5,,,
Tiket.com,9.3,9.8,,8.6,9.2,9.4,8.6,,,
Tiket.com,9.0,9.3,,9.2,9.0,9.2,9.3,,,
Tiket.com,9.1,9.0,,9.4,9.0,9.1,9.2,,,
Tiket.com,9.3,9.0,,9.2,9.5,9.3,9.5,,,
Tiket.com,9.6,9.6,,9.5,9.4,9.4,9.3,,,
Tiket.com,8.9,9.6,,8.8,9.2,9.2,9.0,,,
Tiket.com,9.3,9.6,,9.0,9.2,9.6,9.0,,,
Tiket.com,9.1,9.2,,9.1,9.2,9.1,9.0,,,
Tiket.com,9.0,9.5,,9.4,9.3,8.9,9.4,,,
Tiket.com,9.0,9.2,,9.3,9.0,9.2,8.5,,,
Tiket.com,9.1,8.9,,9.8,9.5,9.2,9.2,,,
Tiket.com,8.9,9.5,,9.0,9.3,9.2,8.9,,,
Tiket.com,9.3,9.7,,8.8,9.1,9.6,9.3,,,
Tiket.com,9.2,8.9,,9.7,9.1,9.4,9.3,,,
Tiket.com,9.0,8.9,,8.8,9.5,8.8,8.7,,,
Tiket.com,9.4,9.2,,9.4,9.2,9.7,9.1,,,
Tiket.com,8.9,9.5,,8.9,9.0,8.4,9.2,,,
Tiket.com,9.4,8.9,,8.6,9.1,9.8,9.2,,,
Tiket.com,9.2,9.3,,9.1,9.4,9.1,9.2,,,
Tiket.com,9.2,9.0,,9.5,8.7,9.1,8.8,,,
Tiket.com,8.9,9.4,,8.8,9.1,9.2,8.9,,,
Tiket.com,9.1,9.0,,9.4,9.5,9.3,8.8,,,
Tiket.com,9.4,9.4,,9.4,9.1,9.2,9.4,,,
Tiket.com,9.1,9.2,,8.8,9.3,9.2,9.2,,,
Tiket.com,9.1,8.9,,9.1,9.5,9.6,9.2,,,
Tiket.com,9.1,9.2,,9.7,9.5,9.4,8.7,,,
Tiket.com,9.1,8.6,,9.4,9.1,8.9,9.2,,,
Tiket.com,9.3,9.0,,9.1,9.2,9.4,9.4,,,
Tiket.com,9.3,9.3,,9.3,9.5,9.4,8.6,,,
Tiket.com,9.0,8.7,,9.0,9.5,9.0,9.0,,,
Tiket.com,8.9,8.4,,9.5,9.2,9.4,8.7,,,
Tiket.com,9.1,8.5,,9.5,9.2,9.2,9.1,,,
Tiket.com,9.1,9.6,,9.2,9.3,9.1,8.9,,,
Tiket.com,9.2,9.2,,9.3,9.6,9.1,9.3,,,
Tiket.com,9.2,9.0,,8.9,9.5,8.5,9.3,,,
Tiket.com,9.0,9.5,,8.8,9.4,9.0,9.6,,,
Tiket.com,9.2,9.1,,9.1,8.9,9.4,9.2,,,
Tiket.com,9.4,9.3,,9.2,9.1,9.2,9.3,,,
Tiket.com,9.3,9.2,,9.5,9.1,8.8,9.0,,,
Tiket.com,9.4,9.1,,9.5,9.6,9.5,8.9,,,
Tiket.com,9.2,9.3,,9.3,9.1,9.1,9.5,,,
Tiket.com,9.3,9.4,,9.6,9.6,8.8,9.6,,,
Tiket.com,8.9,9.1,,8.9,9.0,9.9,9.4,,,
Tiket.com,9.2,9.1,,9.5,9.1,8.9,9.2,,,
Tiket.com,9.1,9.1,,9.0,9.3,9.5,8.9,,,
Tiket.com,9.1,8.5,,9.6,9.7,9.0,9.5,,,
Tiket.com,9.2,9.3,,9.2,9.1,9.2,9.4,,,
Tiket.com,8.8,8.8,,8.6,8.4,8.9,9.8,,,
Tiket.com,9.0,9.4,,9.4,8.7,8.8,8.9,,,
Tiket.com,9.6,9.2,,9.4,9.3,9.4,9.5,,,
Tiket.com,9.2,9.2,,9.1,8.8,9.3,9.4,,,
Tiket.com,9.3,9.4,,9.1,8.9,9.5,9.1,,,
Tiket.com,9.1,8.9,,9.2,9.2,9.2,9.6,,,
Tiket.com,9.2,9.3,,8.6,8.5,9.9,9.3,,,
Tiket.com,8.9,9.3,,8.5,9.1,9.3,8.9,,,
Tiket.com,9.3,9.1,,9.6,8.9,9.4,9.2,,,
Tiket.com,8.8,8.9,,9.0,8.8,8.8,8.9,,,
Tiket.com,9.1,9.4,,9.8,9.0,9.0,9.1,,,
Tiket.com,9.3,9.4,,9.6,8.9,9.4,9.4,,,
Tiket.com,9.3,9.2,,9.7,9.3,9.2,9.5,,,
Tiket.com,9.6,8.9,,9.0,9.6,9.3,9.3,,,
Tiket.com,9.0,9.0,,8.7,9.1,9.0,9.0,,,
Tiket.com,9.3,9.2,,8.9,9.0,9.2,9.3,,,
Tiket.com,9.4,9.4,,9.1,9.1,9.2,9.4,,,
Tiket.com,8.7,8.7,,8.5,8.9,8.8,8.6,,,
Tiket.com,9.0,9.0,,9.1,8.8,9.4,9.2,,,
Tiket.com,8.7,9.1,,9.1,8.7,8.7,9.1,,,
Tiket.com,8.9,9.2,,8.8,8.8,9.3,9.5,,,
Tiket.com,9.4,8.8,,8.9,9.7,9.7,9.3,,,
Tiket.com,9.1,9.1,,9.1,9.0,9.4,9.3,,,
Tiket.com,9.1,9.1,,9.3,8.3,9.4,9.1,,,
Tiket.com,8.7,8.9,,8.9,9.0,8.9,9.2,,,
Tiket.com,9.3,9.2,,9.3,8.7,9.7,9.5,,,
Tiket.com,9.4,9.0,,9.2,9.2,9.6,9.2,,,
Tiket.com,8.9,9.3,,9.2,9.2,8.9,9.3,,,
Tiket.com,9.1,8.9,,9.0,9.2,9.1,8.7,,,
Tiket.com,9.4,9.2,,8.8,9.2,9.6,9.2,,,
Tiket.com,9.5,9.0,,9.7,9.1,9.7,8.6,,,
Tiket.com,8.9,9.0,,9.4,8.8,8.8,9.0,,,
Tiket.com,9.3,9.3,,9.5,9.2,8.9,9.2,,,
Tiket.com,9.5,9.3,,9.2,9.5,9.2,9.4,,,
Tiket.com,9.2,9.1,,9.2,9.7,8.5,8.9,,,
Tiket.com,9.4,9.1,,9.3,9.1,9.2,9.3,,,
Tiket.com,9.1,8.8,,8.6,9.2,9.6,9.6,,,
Tiket.com,9.2,9.6,,8.9,9.4,8.8,9.0,,,
Tiket.com,9.2,9.4,,9.0,9.6,9.2,8.7,,,
Tiket.com,9.2,9.4,,9.1,9.1,9.0,9.3,,,
Tiket.com,9.2,8.7,,8.9,9.4,9.7,8.8,,,
Tiket.com,9.0,9.0,,9.3,9.0,9.0,9.0,,,
Tiket.com,9.3,9.1,,9.2,9.3,9.7,9.5,,,
Tiket.com,9.3,8.6,,9.6,9.5,9.0,9.8,,,
Tiket.com,9.6,9.5,,9.9,8.8,9.4,8.9,,,
Tiket.com,8.9,9.6,,8.8,9.0,9.3,9.0,,,
Tiket.com,9.7,9.8,,9.2,9.5,9.2,9.1,,,
Tiket.com,9.1,8.9,,9.2,9.4,9.0,9.0,,,
Tiket.com,9.5,9.2,,9.2,9.5,9.3,9.8,,,
Tiket.com,9.4,9.6,,8.9,9.5,9.1,9.0,,,
Tiket.com,9.3,9.1,,8.9,9.1,9.0,9.1,,,
Tiket.com,9.4,9.0,,9.3,9.9,9.6,9.7,,,
Tiket.com,9.0,8.6,,8.9,9.2,9.4,9.4,,,
Tiket.com,9.1,9.5,,9.2,8.3,9.4,9.5,,,
Tiket.com,9.1,9.2,,9.1,9.1,9.1,8.9,,,
Tiket.com,9.3,9.0,,9.2,9.1,9.1,9.0,,,
Tiket.com,9.2,9.3,,8.9,9.4,9.1,8.9,,,
Tiket.com,9.0,9.2,,9.2,9.1,9.3,9.4,,,
Tiket.com,9.2,9.3,,8.9,9.5,9.4,9.6,,,
Tiket.com,9.0,9.1,,9.2,9.4,9.2,9.0,,,
Tiket.com,9.2,9.7,,9.6,8.9,9.0,9.1,,,
Tiket.com,9.4,9.2,,9.3,9.2,9.4,9.1,,,
Tiket.com,9.1,9.7,,9.3,9.0,9.2,8.7,,,
Tiket.com,9.2,9.4,,9.4,9.3,8.8,9.0,,,
Tiket.com,9.0,9.3,,8.8,9.0,8.6,9.4,,,
Tiket.com,9.3,9.2,,9.7,9.2,9.3,8.9,,,
Tiket.com,9.2,9.5,,8.9,9.1,9.0,9.2,,,
Tiket.com,9.4,9.2,,9.5,9.2,9.3,8.8,,,
Tiket.com,9.6,8.9,,9.4,9.8,9.0,9.2,,,
Tiket.com,9.0,8.9,,8.9,9.1,9.2,9.0,,,
Tiket.com,9.2,9.3,,9.5,8.6,9.1,8.8,,,
Tiket.com,9.1,8.9,,9.3,9.5,9.7,9.4,,,
Tiket.com,9.4,9.2,,9.8,9.5,9.5,9.5,,,
Tiket.com,9.2,9.5,,9.3,8.6,9.6,8.9,,,
Tiket.com,9.0,9.3,,9.2,9.0,9.2,9.1,,,
Tiket.com,9.1,9.0,,9.0,9.3,9.4,9.2,,,
Tiket.com,9.2,9.6,,8.7,9.4,9.2,8.7,,,
Tiket.com,9.2,9.4,,9.1,9.2,9.6,8.8,,,
Tiket.com,9.7,9.5,,9.1,9.2,9.2,9.6,,,
Tiket.com,8.9,8.5,,9.3,8.9,8.8,8.9,,,
Tiket.com,9.2,9.3,,8.8,8.5,8.6,9.6,,,
Tiket.com,9.7,9.5,,9.1,9.8,9.7,8.8,,,
Tiket.com,9.2,9.7,,9.4,8.9,9.3,9.4,,,
Tiket.com,9.2,8.8,,9.4,9.3,9.4,9.1,,,
Tiket.com,9.2,9.6,,8.6,9.2,9.6,9.1,,,
Tiket.com,9.4,9.7,,9.4,9.5,8.7,9.8,,,
Tiket.com,8.8,8.6,,9.1,9.2,9.1,8.8,,,
Tiket.com,9.1,9.3,,9.1,9.2,9.1,9.4,,,
Tiket.com,9.0,9.4,,8.5,8.4,9.4,9.4,,,
Tiket.com,9.3,9.1,,9.6,8.9,9.0,10.0,,,
Tiket.com,9.2,9.1,,9.3,9.4,8.8,8.9,,,
Tiket.com,9.1,9.4,,8.7,9.4,8.8,9.0,,,
Tiket.com,9.3,9.0,,9.3,8.9,9.5,9.4,,,
Tiket.com,9.0,9.1,,9.3,8.7,9.0,9.1,,,
Tiket.com,9.5,9.4,,9.6,9.2,9.0,9.1,,,
Tiket.com,8.9,9.7,,9.1,8.3,9.4,9.5,,,
Tiket.com,9.2,9.4,,9.2,8.9,9.0,9.1,,,
Tiket.com,9.2,9.2,,9.0,9.7,8.7,8.9,,,
Tiket.com,9.1,9.0,,9.4,9.6,8.7,9.4,,,
Tiket.com,9.1,8.9,,9.0,9.3,9.2,9.3,,,
Tiket.com,9.3,9.5,,8.9,9.3,9.3,9.1,,,
Tiket.com,9.2,9.2,,9.2,8.6,9.1,9.1,,,
Tiket.com,8.9,9.5,,8.8,9.0,9.3,8.9,,,
Tiket.com,9.3,9.1,,9.7,9.1,8.7,9.4,,,
Tiket.com,9.0,9.0,,9.8,9.0,8.7,9.1,,,
Tiket.com,9.5,9.3,,9.1,9.1,9.9,9.0,,,
Tiket.com,9.0,9.2,,8.8,9.6,9.6,8.8,,,
Tiket.com,9.5,8.8,,9.3,9.0,9.4,9.3,,,
Tiket.com,9.1,9.7,,9.1,9.1,9.0,9.0,,,
Tiket.com,9.4,9.0,,9.6,9.4,9.1,8.6,,,
Tiket.com,9.1,9.5,,9.0,8.8,9.2,8.8,,,
Tiket.com,9.2,9.5,,9.4,8.9,9.6,9.1,,,
Tiket.com,9.1,8.8,,9.2,9.0,9.3,9.1,,,
Tiket.com,9.3,8.9,,9.0,9.2,9.4,9.1,,,
Tiket.com,8.9,9.1,,9.3,9.1,9.1,9.1,,,
Tiket.com,9.3,8.9,,9.5,9.1,9.4,8.8,,,
Tiket.com,9.3,9.7,,9.2,9.0,9.3,8.9,,,
Tiket.com,9.2,9.1,,9.2,8.9,9.2,9.6,,,
Tiket.com,9.3,9.5,,8.9,9.4,9.0,9.5,,,
Tiket.com,9.2,9.4,,9.5,9.1,9.2,9.4,,,
Tiket.com,9.1,9.3,,9.5,9.4,8.9,9.3,,,
Tiket.com,9.2,9.2,,9.1,8.9,9.2,9.5,,,
Tiket.com,9.3,9.6,,9.2,9.0,9.2,8.9,,,
Tiket.com,9.2,9.0,,9.6,9.1,8.5,9.2,,,
Tiket.com,9.3,9.7,,8.9,9.2,9.1,8.9,,,
Tiket.com,9.2,8.8,,9.4,9.4,8.8,8.9,,,
Tiket.com,9.4,9.4,,9.0,9.1,9.3,9.3,,,
Tiket.com,9.0,8.8,,9.7,9.4,9.4,9.5,,,
Tiket.com,8.8,9.1,,9.2,9.3,9.1,9.1,,,
Tiket.com,9.6,9.2,,9.6,9.2,9.4,9.7,,,
Tiket.com,8.9,9.1,,9.0,8.9,9.4,9.3,,,
Tiket.com,8.9,9.1,,8.8,9.4,9.1,9.0,,,
Tiket.com,9.0,8.8,,9.1,8.9,9.7,8.9,,,
Tiket.com,8.9,8.9,,9.3,9.2,9.0,9.5,,,
Tiket.com,9.2,9.3,,9.0,9.2,9.6,9.2,,,
Tiket.com,9.1,9.2,,9.4,9.1,9.1,9.4,,,
Tiket.com,8.9,9.0,,9.1,9.1,8.9,8.4,,,
Tiket.com,9.2,9.6,,8.6,9.0,9.1,9.3,,,
Tiket.com,8.9,8.8,,9.4,8.7,8.9,9.0,,,
Tiket.com,9.2,9.1,,8.9,9.6,9.4,8.8,,,
Tiket.com,9.0,9.0,,9.1,9.1,8.7,9.2,,,
Tiket.com,9.6,9.4,,9.7,9.2,9.6,9.5,,,
Tiket.com,9.6,9.2,,9.7,9.2,8.9,9.9,,,
Tiket.com,9.3,9.2,,9.0,9.5,9.5,9.3,,,
Tiket.com,9.5,8.6,,9.4,9.8,9.2,9.0,,,
Tiket.com,9.4,9.5,,9.0,9.2,9.3,9.0,,,
Tiket.com,9.0,9.1,,9.1,9.2,9.0,9.5,,,
Tiket.com,8.9,9.2,,9.0,8.9,9.3,8.9,,,
Tiket.com,8.9,9.0,,8.7,8.8,9.2,9.4,,,
Tiket.com,9.1,8.9,,9.2,8.7,8.8,9.3,,,
Tiket.com,9.1,9.6,,9.3,9.0,8.9,9.3,,,
Tiket.com,8.5,8.7,,9.0,8.6,9.0,8.7,,,
Tiket.com,9.2,8.9,,9.5,9.5,9.0,9.1,,,
Tiket.com,9.0,9.6,,9.1,9.3,9.6,8.8,,,
Tiket.com,9.0,9.4,,9.0,9.1,9.2,9.0,,,
Tiket.com,9.2,9.1,,9.4,9.5,9.0,9.5,,,
Tiket.com,9.2,9.6,,8.7,8.9,9.1,9.6,,,
Tiket.com,9.4,9.3,,9.5,9.0,9.0,9.3,,,
Tiket.com,9.1,9.3,,9.1,8.6,9.1,9.0,,,
Tiket.com,9.1,9.3,,9.5,9.4,8.9,9.7,,,
Tiket.com,9.1,9.3,,9.6,9.0,9.0,9.0,,,
Tiket.com,9.3,9.4,,9.4,9.2,9.4,8.9,,,
Tiket.com,9.4,9.9,,9.0,9.5,9.3,9.4,,,
Tiket.com,9.2,9.1,,8.8,9.6,9.2,9.3,,,
Tiket.com,8.8,9.2,,8.8,9.2,9.2,9.0,,,
Tiket.com,9.0,8.8,,9.5,9.3,9.2,9.2,,,
Tiket.com,9.1,9.2,,9.2,8.9,9.1,9.3,,,
Tiket.com,9.0,9.8,,9.0,9.7,9.4,9.3,,,
Tiket.com,9.4,9.5,,9.2,9.2,9.3,9.3,,,
Tiket.com,8.9,9.0,,9.5,9.2,8.7,9.0,,,
Tiket.com,9.3,9.2,,9.4,9.1,9.2,9.4,,,
Tiket.com,9.2,8.8,,9.3,9.6,8.7,9.2,,,
Tiket.com,9.1,8.9,,9.4,9.3,9.4,9.1,,,
Tiket.com,9.5,9.2,,9.3,9.4,9.4,9.1,,,
Tiket.com,9.3,9.1,,9.3,9.3,9.0,9.2,,,
Tiket.com,9.0,8.9,,9.3,9.1,9.2,8.8,,,
Tiket.com,9.1,9.3,,9.2,9.5,8.6,9.0,,,
Tiket.com,9.5,9.2,,9.4,9.3,9.5,9.2,,,
Tiket.com,9.1,8.7,,9.3,8.9,9.4,8.8,,,
Tiket.com,9.1,8.6,,8.9,8.9,9.5,9.0,,,
Tiket.com,9.0,9.0,,9.4,9.2,9.6,9.9,,,
Tiket.com,9.1,8.7,,9.3,9.5,8.8,8.9,,,
Tiket.com,9.0,8.6,,9.4,9.7,9.5,9.1,,,
Tiket.com,9.2,9.5,,9.2,8.7,9.6,8.9,,,
Tiket.com,9.3,9.2,,9.4,9.2,8.8,9.2,,,
Tiket.com,9.4,9.1,,9.2,9.3,9.1,9.0,,,
Tiket.com,9.1,9.1,,9.4,9.3,9.1,9.1,,,
Tiket.com,9.1,8.9,,9.1,9.5,9.5,9.0,,,
Tiket.com,9.1,9.3,,9.1,9.4,8.5,9.5,,,
Tiket.com,9.1,9.2,,9.4,8.9,9.7,9.2,,,
Tiket.com,9.2,9.0,,9.1,8.9,9.2,8.9,,,
Tiket.com,9.4,9.0,,9.9,9.3,9.5,9.5,,,
Tiket.com,9.2,8.8,,9.4,9.5,9.2,8.9,,,
Tiket.com,9.2,9.1,,9.2,9.2,9.3,8.7,,,
Tiket.com,8.9,9.1,,9.4,8.7,8.5,9.2,,,
Tiket.com,9.0,9.1,,9.1,8.9,9.1,9.8,,,
Tiket.com,9.3,9.2,,9.5,9.4,9.5,8.7,,,
Tiket.com,9.1,9.2,,9.5,9.1,9.3,8.8,,,
Tiket.com,9.2,9.3,,9.6,9.2,8.7,9.4,,,
Tiket.com,9.5,9.5,,9.1,9.5,9.2,9.0,,,
Tiket.com,8.9,9.4,,8.8,8.8,9.0,9.4,,,
Tiket.com,8.9,9.5,,9.0,9.1,8.9,8.9,,,
Tiket.com,9.0,8.9,,9.1,9.0,8.7,9.2,,,
Tiket.com,9.2,9.0,,9.7,9.3,9.4,9.7,,,
Tiket.com,9.5,9.4,,9.9,9.4,9.5,8.8,,,
Tiket.com,9.4,9.4,,9.3,8.8,9.8,9.5,,,
Tiket.com,8.8,9.0,,9.2,9.2,8.8,9.4,,,
Tiket.com,9.4,9.4,,9.1,9.5,9.4,8.8,,,
Tiket.com,8.9,8.9,,9.4,8.6,9.4,9.4,,,
Tiket.com,9.3,9.3,,9.9,9.2,9.0,9.2,,,
Tiket.com,9.0,9.2,,9.7,8.8,8.9,9.2,,,
Tiket.com,9.0,8.8,,9.5,9.0,8.9,9.3,,,
Tiket.com,9.2,9.1,,9.5,8.4,9.0,9.1,,,
Tiket.com,9.6,9.9,,9.4,9.6,9.3,9.2,,,
Tiket.com,9.4,9.3,,9.2,9.1,9.6,9.3,,,
Tiket.com,9.4,9.9,,9.0,9.0,9.5,9.4,,,
Tiket.com,9.1,8.8,,9.2,9.3,8.7,8.7,,,
Tiket.com,9.3,9.4,,9.3,8.9,9.0,9.6,,,
Tiket.com,8.9,8.4,,8.8,8.9,9.6,8.9,,,
Tiket.com,9.5,9.2,,9.2,9.7,9.0,9.4,,,
Tiket.com,9.4,9.4,,9.0,9.7,9.2,9.2,,,
Tiket.com,9.5,9.5,,9.5,9.0,8.7,8.8,,,
Tiket.com,9.4,9.0,,9.0,9.5,9.5,9.4,,,
Tiket.com,9.0,9.5,,9.3,9.3,8.6,8.9,,,
Tiket.com,8.9,9.0,,9.0,8.8,8.7,9.5,,,
Tiket.com,9.3,9.2,,9.7,8.9,9.5,9.0,,,
Tiket.com,9.3,9.1,,8.7,9.7,9.8,8.8,,,
Tiket.com,9.2,8.9,,9.3,8.8,9.1,9.7,,,
Tiket.com,9.5,9.7,,8.8,9.9,9.2,9.3,,,
Tiket.com,9.0,9.2,,9.0,9.0,9.5,9.5,,,
Tiket.com,9.6,9.5,,9.3,9.7,9.3,8.9,,,
Tiket.com,9.1,9.5,,9.3,9.1,9.1,8.6,,,
Tiket.com,9.1,8.9,,9.3,9.4,9.1,9.7,,,
Tiket.com,9.2,9.6,,9.2,9.6,8.7,9.2,,,
Tiket.com,9.5,9.4,,9.0,9.6,9.3,9.3,,,
Tiket.com,9.1,8.9,,9.2,9.0,9.2,9.4,,,
Tiket.com,9.0,9.3,,9.2,8.9,9.1,9.1,,,
Tiket.com,9.0,8.9,,9.3,9.2,8.9,9.3,,,
Tiket.com,8.9,9.7,,9.2,8.8,8.9,9.7,,,
Tiket.com,9.2,9.4,,9.4,9.3,9.4,9.2,,,
Tiket.com,9.1,9.2,,9.2,9.0,9.5,9.5,,,
Tiket.com,9.3,9.6,,9.3,9.5,9.1,8.6,,,
Tiket.com,9.1,8.7,,9.1,9.0,9.1,9.5,,,
Tiket.com,8.9,9.0,,8.9,8.7,8.9,8.7,,,
Tiket.com,9.6,9.1,,9.2,9.6,9.5,9.5,,,
Tiket.com,9.6,9.9,,9.6,9.3,9.2,9.3,,,
Tiket.com,9.1,8.9,,9.3,9.2,9.3,9.2,,,
Tiket.com,9.1,8.7,,9.0,9.5,9.3,9.2,,,
Tiket.com,9.2,8.8,,9.4,9.5,9.1,9.1,,,
Tiket.com,8.8,9.5,,9.1,9.0,8.9,9.0,,,
Tiket.com,8.9,9.0,,9.4,9.1,8.9,9.1,,,
Tiket.com,9.2,9.2,,9.1,8.9,9.5,9.9,,,
Tiket.com,9.1,9.4,,9.3,8.8,9.0,9.6,,,
Tiket.com,9.2,9.2,,9.0,9.4,9.1,8.9,,,
Tiket.com,9.2,9.3,,9.1,9.3,8.9,9.3,,,
Tiket.com,8.9,9.4,,8.7,9.4,8.8,9.2,,,
Tiket.com,9.4,9.1,,9.4,9.6,9.0,9.2,,,
Tiket.com,9.4,9.2,,9.3,9.4,9.7,8.9,,,
Tiket.com,9.5,9.3,,9.3,9.5,9.4,9.3,,,
Tiket.com,9.3,9.5,,9.3,8.6,9.0,9.5,,,
Tiket.com,9.1,9.0,,9.0,9.1,9.5,8.9,,,
Tiket.com,9.4,8.3,,9.5,9.5,9.2,9.8,,,
Tiket.com,9.2,9.4,,9.5,8.8,9.6,9.7,,,
Tiket.com,9.3,9.5,,9.0,9.2,9.9,9.4,,,
Tiket.com,9.4,9.3,,9.4,9.4,9.5,8.8,,,
Tiket.com,9.3,9.3,,9.5,9.3,9.2,9.3,,,
Tiket.com,9.2,9.0,,9.1,9.3,9.4,9.3,,,
Tiket.com,9.6,9.4,,9.1,9.4,9.2,9.4,,,
Tiket.com,9.3,9.5,,9.4,9.3,8.6,9.7,,,
Tiket.com,9.0,9.2,,8.7,8.8,9.0,9.1,,,
Tiket.com,9.2,9.9,,8.9,9.4,8.9,9.8,,,
Tiket.com,8.8,8.7,,8.9,9.3,9.0,9.3,,,
Tiket.com,9.1,9.2,,8.7,8.8,9.7,9.1,,,
Tiket.com,9.6,8.8,,9.5,9.6,9.5,9.9,,,
Tiket.com,9.2,9.5,,8.6,9.4,9.3,9.4,,,
Tiket.com,9.1,8.7,,9.3,8.8,9.4,9.1,,,
Tiket.com,9.2,8.8,,9.4,9.0,8.6,9.2,,,
Tiket.com,9.4,9.0,,9.1,9.0,9.4,9.4,,,
Tiket.com,9.3,9.3,,9.0,9.0,9.5,9.2,,,
Tiket.com,9.1,9.0,,9.3,9.3,8.5,9.2,,,
Tiket.com,8.9,9.0,,9.2,8.9,9.4,9.0,,,
Tiket.com,9.1,9.1,,9.5,9.5,8.8,8.7,,,
Tiket.com,8.9,9.1,,8.4,9.5,8.6,9.2,,,
Tiket.com,9.2,9.6,,8.9,9.4,9.6,9.2,,,
Tiket.com,9.3,9.4,,9.4,9.2,8.9,9.4,,,
Tiket.com,9.5,9.1,,9.2,9.5,9.0,9.0,,,
Tiket.com,9.6,9.8,,9.4,9.1,9.5,8.8,,,
Tiket.com,9.2,9.3,,9.3,9.0,9.1,8.9,,,
Tiket.com,9.4,8.9,,9.2,9.6,9.1,9.5,,,
Tiket.com,9.1,9.3,,9.1,9.3,9.1,9.0,,,
Tiket.com,9.6,9.4,,9.9,9.0,9.3,9.1,,,
Tiket.com,9.0,9.0,,9.7,9.1,9.1,9.1,,,
Tiket.com,9.2,8.9,,9.3,9.0,9.2,9.0,,,
Tiket.com,9.4,9.2,,9.2,9.8,9.0,9.0,,,
Tiket.com,9.1,9.1,,9.4,9.2,9.3,8.9,,,
Tiket.com,9.4,9.6,,9.4,9.2,9.3,9.6,,,
Tiket.com,9.3,9.4,,9.3,9.4,9.8,9.4,,,
Tiket.com,8.9,9.0,,9.0,8.8,9.1,9.6,,,
Tiket.com,9.2,9.3,,9.7,9.5,9.1,9.6,,,
Tiket.com,9.3,9.6,,9.3,9.0,9.3,8.5,,,
Tiket.com,9.6,8.8,,9.8,9.7,9.5,9.3,,,
Tiket.com,8.7,8.9,,9.3,9.1,8.9,9.0,,,
Tiket.com,9.6,9.2,,9.1,9.5,9.2,9.5,,,
Tiket.com,8.9,9.2,,9.6,8.5,8.4,9.0,,,
Tiket.com,9.1,9.2,,9.3,8.8,9.1,8.9,,,
Tiket.com,8.9,9.1,,9.2,9.1,9.5,8.8,,,
Tiket.com,9.1,9.1,,8.8,8.6,9.0,9.1,,,
Tiket.com,9.4,9.3,,9.4,9.4,9.3,9.5,,,
Tiket.com,9.4,9.5,,9.1,9.3,9.0,9.3,,,
Tiket.com,9.2,9.1,,9.1,8.9,8.9,8.8,,,
Tiket.com,9.7,9.9,,9.1,9.2,9.5,9.8,,,
Tiket.com,9.3,9.8,,9.3,9.4,8.9,9.4,,,
Tiket.com,9.1,9.6,,8.7,8.6,9.3,9.4,,,
Tiket.com,9.1,9.4,,9.1,8.8,9.3,9.6,,,
Tiket.com,9.4,9.8,,9.5,9.1,8.9,8.7,,,
Tiket.com,9.1,9.1,,8.8,9.2,9.2,8.9,,,
Tiket.com,9.3,9.0,,9.3,9.2,8.9,9.4,,,
Tiket.com,9.4,9.0,,9.0,9.5,9.4,9.0,,,
Tiket.com,8.8,8.9,,9.1,9.3,8.8,9.1,,,
Tiket.com,9.5,9.2,,9.7,9.4,9.1,9.2,,,
Tiket.com,9.1,9.3,,8.7,8.8,9.1,8.8,,,
Tiket.com,9.3,9.3,,9.4,9.2,9.5,9.1,,,
Tiket.com,9.2,9.2,,9.1,9.1,9.2,9.5,,,
Tiket.com,9.3,9.2,,9.0,9.6,9.5,9.4,,,
Tiket.com,9.5,9.7,,8.9,9.3,9.4,9.5,,,
Tiket.com,9.3,9.4,,9.4,9.0,9.4,9.5,,,
Tiket.com,9.4,9.5,,9.1,9.5,9.1,9.3,,,
Tiket.com,9.3,9.3,,9.1,9.4,9.5,9.3,,,
Tiket.com,9.0,8.7,,9.2,9.0,9.1,9.3,,,
Tiket.com,8.9,8.7,,9.1,9.1,8.7,9.0,,,
Tiket.com,9.6,9.8,,8.6,9.1,9.1,8.9,,,
Tiket.com,9.1,9.0,,9.1,9.6,9.3,9.0,,,
Tiket.com,9.1,9.0,,9.5,9.3,8.7,9.1,,,
Tiket.com,9.0,9.3,,8.7,9.4,8.9,9.0,,,
Tiket.com,9.0,9.4,,8.9,9.1,8.8,9.3,,,
Tiket.com,9.4,9.4,,9.1,9.3,9.4,9.3,,,
Tiket.com,9.6,9.7,,9.0,9.6,9.7,9.3,,,
Tiket.com,9.3,9.7,,9.2,9.1,9.1,9.3,,,
Tiket.com,9.3,9.0,,8.9,9.2,9.4,9.6,,,
Tiket.com,9.3,9.5,,9.1,8.8,9.4,9.2,,,
Tiket.com,9.2,9.1,,9.2,9.0,9.7,9.5,,,
Tiket.com,9.0,9.2,,9.4,9.1,9.0,9.4,,,
Tiket.com,9.3,8.9,,9.6,8.9,9.1,9.5,,,
Tiket.com,9.2,8.7,,9.1,9.6,9.1,9.7,,,
Tiket.com,9.3,9.2,,9.8,8.9,9.2,9.4,,,
Tiket.com,9.2,8.9,,9.1,9.4,10.0,9.2,,,
Tiket.com,9.5,9.5,,9.4,9.3,9.2,9.2,,,
Tiket.com,9.3,9.1,,9.8,9.2,8.9,9.1,,,
Tiket.com,9.2,9.3,,9.2,9.6,8.9,9.0,,,
Tiket.com,9.0,9.6,,8.8,8.5,9.6,9.5,,,
Tiket.com,9.1,8.8,,9.2,9.1,8.9,8.9,,,
Tiket.com,9.2,9.0,,9.0,8.9,9.4,9.7,,,
Tiket.com,9.1,9.3,,9.1,8.6,9.0,9.2,,,
Tiket.com,8.8,9.3,,9.8,8.8,8.8,10.0,,,
Tiket.com,9.2,9.5,,8.8,9.2,9.4,9.0,,,
Tiket.com,9.2,9.5,,9.3,9.0,9.0,9.3,,,
Tiket.com,9.1,9.2,,8.9,9.5,9.3,9.1,,,
Tiket.com,9.3,9.3,,9.1,9.1,9.3,9.0,,,
Tiket.com,9.4,9.3,,9.4,9.1,9.4,9.5,,,
Tiket.com,9.1,8.8,,9.3,9.1,9.1,8.9,,,
Tiket.com,9.4,9.2,,9.1,9.2,9.4,9.0,,,
Tiket.com,9.0,9.3,,9.0,9.1,8.9,9.4,,,
Tiket.com,9.0,9.3,,9.3,8.9,8.5,9.4,,,
Tiket.com,9.3,8.9,,9.7,9.5,9.4,8.8,,,
Tiket.com,8.9,8.8,,8.9,9.0,9.2,9.4,,,
Tiket.com,9.3,9.1,,9.8,9.1,9.0,9.2,,,
Tiket.com,9.3,9.8,,9.6,9.3,8.8,8.9,,,
Tiket.com,9.3,9.0,,9.6,9.3,8.6,9.0,,,
Tiket.com,9.0,9.6,,9.3,8.9,9.2,8.6,,,
Tiket.com,9.9,9.7,,9.6,9.4,9.7,9.7,,,
Tiket.com,9.5,9.2,,8.9,9.4,9.2,9.5,,,
Tiket.com,9.1,9.0,,9.0,9.3,9.1,8.8,,,
Tiket.com,9.5,9.4,,9.4,9.1,9.2,9.4,,,
Tiket.com,9.3,9.3,,9.3,9.1,9.9,9.0,,,
Tiket.com,9.3,8.9,,9.2,9.1,9.4,9.5,,,
Tiket.com,8.8,9.0,,8.4,8.8,8.9,9.1,,,
Tiket.com,9.0,9.3,,9.1,9.2,9.2,9.1,,,
Tiket.com,8.8,9.5,,8.8,9.5,9.3,9.1,,,
Tiket.com,9.1,9.1,,9.3,9.5,8.9,9.0,,,
Tiket.com,9.3,9.2,,9.1,9.1,9.4,9.6,,,
Tiket.com,9.5,9.4,,9.0,9.5,9.0,9.5,,,
Tiket.com,9.4,9.1,,10.0,9.8,8.7,9.2,,,
Tiket.com,9.4,9.1,,9.5,9.1,9.2,9.5,,,
Tiket.com,9.1,9.0,,9.5,9.4,9.2,8.7,,,
Tiket.com,9.0,9.0,,9.9,8.5,9.2,8.8,,,
Tiket.com,9.5,10.0,,9.4,8.8,9.0,9.3,,,
Tiket.com,8.7,9.1,,9.0,9.2,9.0,9.4,,,
Tiket.com,9.2,9.6,,8.9,8.9,9.5,9.3,,,
Tiket.com,9.4,9.7,,9.5,9.8,9.3,8.6,,,
Tiket.com,9.2,9.1,,8.6,9.4,8.9,8.9,,,
Tiket.com,9.1,9.3,,9.2,9.5,8.6,9.3,,,
Tiket.com,9.1,9.2,,8.5,9.2,8.9,9.9,,,
Tiket.com,9.2,8.7,,9.2,8.9,9.2,9.6,,,
Tiket.com,8.9,8.7,,9.5,9.0,9.0,9.7,,,
Tiket.com,9.2,9.2,,9.3,9.3,9.0,9.3,,,
Tiket.com,9.1,9.1,,9.5,9.0,9.0,9.3,,,
Tiket.com,9.6,9.8,,9.8,9.4,9.2,8.9,,,
Tiket.com,9.4,9.1,,9.2,9.4,9.4,9.5,,,
Tiket.com,9.5,9.8,,10.0,9.2,9.2,9.2,,,
Tiket.com,8.9,9.1,,9.3,8.7,9.2,9.4,,,
Tiket.com,9.7,9.8,,9.5,9.7,9.1,9.2,,,
Tiket.com,9.2,9.4,,9.0,9.1,9.1,9.3,,,
Tiket.com,9.4,9.4,,9.7,10.0,9.5,9.2,,,
Tiket.com,9.1,9.0,,9.5,9.4,9.4,9.3,,,
Tiket.com,9.5,9.4,,9.6,9.1,9.8,9.5,,,
Tiket.com,9.2,9.7,,9.2,9.3,9.4,8.8,,,
Tiket.com,9.2,9.2,,8.8,8.6,9.1,8.8,,,
Tiket.com,9.1,9.1,,9.3,9.5,8.9,9.3,,,
Tiket.com,9.4,9.1,,8.7,10.0,9.5,9.6,,,
Tiket.com,9.2,9.7,,9.1,8.6,9.0,9.7,,,
Tiket.com,9.2,9.5,,9.3,9.1,9.4,8.8,,,
Tiket.com,9.1,9.6,,9.9,9.2,9.0,9.1,,,
Tiket.com,9.3,9.3,,9.3,9.5,9.3,8.8,,,
Tiket.com,9.2,9.2,,9.2,9.8,8.9,9.0,,,
Tiket.com,9.3,9.3,,9.2,9.3,9.4,9.5,,,
Tiket.com,9.2,9.5,,8.8,9.8,8.8,9.2,,,
Tiket.com,9.2,9.1,,9.2,9.3,9.3,9.1,,,
Tiket.com,9.6,9.6,,9.2,9.3,9.1,9.4,,,
Tiket.com,9.1,9.3,,8.9,9.3,9.2,9.0,,,
Tiket.com,9.0,8.5,,8.8,9.6,9.1,9.7,,,
Tiket.com,9.0,9.5,,9.1,9.1,9.1,9.2,,,
Tiket.com,9.1,8.8,,9.2,9.4,9.2,9.1,,,
Tiket.com,9.2,9.5,,9.1,8.8,8.9,9.4,,,
Tiket.com,9.1,9.5,,8.9,9.1,8.9,9.5,,,
Tiket.com,9.3,9.3,,9.3,9.0,9.1,9.7,,,
Tiket.com,9.2,9.4,,9.4,9.2,9.1,9.1,,,
Tiket.com,9.0,9.5,,9.2,9.1,8.9,9.5,,,
Tiket.com,9.3,9.1,,9.0,9.5,9.5,9.2,,,
Tiket.com,9.1,9.4,,9.4,8.9,9.1,9.0,,,
Tiket.com,9.1,9.5,,9.1,8.7,9.1,9.0,,,
Tiket.com,8.9,9.7,,8.8,8.8,8.8,8.9,,,
Tiket.com,9.3,8.9,,9.5,9.5,9.8,9.0,,,
Tiket.com,9.4,9.3,,9.3,8.9,9.9,9.5,,,
Tiket.com,9.1,8.9,,9.2,9.3,9.0,9.4,,,
Tiket.com,9.3,8.9,,8.7,9.1,9.6,8.8,,,
Tiket.com,9.3,9.3,,9.0,9.4,9.2,8.7,,,
Tiket.com,9.4,9.2,,9.8,9.1,9.7,8.9,,,
Tiket.com,9.3,9.5,,8.7,10.0,9.3,9.0,,,
Tiket.com,9.0,9.1,,9.1,9.8,9.2,9.1,,,
Tiket.com,9.0,9.2,,9.2,9.1,8.5,9.6,,,
Tiket.com,9.0,9.3,,9.3,9.1,8.9,9.0,,,
Tiket.com,9.3,8.9,,8.8,10.0,9.2,9.7,,,
Tiket.com,9.1,9.0,,9.3,8.9,9.3,8.7,,,
Tiket.com,9.2,9.5,,8.7,9.2,8.8,9.1,,,
Tiket.com,9.2,9.0,,9.2,9.2,9.0,9.4,,,
Tiket.com,9.5,9.6,,9.0,9.2,9.4,9.5,,,
Tiket.com,8.9,9.4,,8.9,8.7,8.8,9.1,,,
Tiket.com,9.2,8.7,,9.5,9.3,9.2,9.5,,,
Tiket.com,9.3,9.4,,9.1,8.9,9.6,9.4,,,
Tiket.com,9.4,9.4,,9.3,9.6,9.3,9.0,,,
Tiket.com,9.4,9.3,,9.4,8.8,9.3,9.3,,,
Tiket.com,9.3,9.2,,9.6,9.2,8.6,9.4,,,
Tiket.com,8.6,8.9,,8.8,8.5,9.0,9.0,,,
Tiket.com,9.4,9.6,,9.5,8.6,9.8,9.7,,,
Tiket.com,9.1,9.2,,9.2,8.9,9.0,8.9,,,
Tiket.com,9.5,8.9,,9.1,9.0,9.6,9.2,,,
Tiket.com,9.1,9.3,,8.9,9.6,9.0,8.8,,,
Tiket.com,9.0,9.0,,9.4,9.2,9.1,9.2,,,
Tiket.com,9.2,8.9,,8.9,9.6,9.4,8.9,,,
Tiket.com,9.3,9.1,,9.4,9.1,9.2,9.1,,,
Tiket.com,9.3,9.0,,9.8,9.4,9.3,8.7,,,
Tiket.com,9.1,8.9,,9.5,9.0,9.0,9.4,,,
Tiket.com,9.4,9.4,,9.6,9.0,8.9,9.3,,,
Tiket.com,8.9,9.2,,9.0,8.7,8.9,9.5,,,
Tiket.com,9.3,9.6,,9.4,9.3,9.0,9.1,,,
Tiket.com,9.0,8.9,,8.9,9.3,9.1,9.5,,,
Tiket.com,9.3,8.7,,9.1,9.4,9.5,9.2,,,
Tiket.com,9.4,9.2,,9.7,9.3,9.2,9.2,,,
Tiket.com,9.4,9.8,,9.0,9.8,9.3,9.8,,,
Tiket.com,9.2,9.4,,9.5,9.3,9.2,9.1,,,
Tiket.com,9.8,10.0,,9.5,9.5,8.9,9.6,,,
Tiket.com,9.4,9.3,,9.5,9.1,9.2,9.3,,,
Tiket.com,9.2,9.3,,8.8,8.9,9.2,9.0,,,
Tiket.com,9.1,8.6,,9.4,9.4,9.4,8.8,,,
Tiket.com,9.4,9.3,,9.2,9.2,8.9,8.9,,,
Tiket.com,9.1,9.3,,9.5,9.4,8.6,9.5,,,
Tiket.com,9.3,9.1,,8.7,9.3,9.3,9.7,,,
Tiket.com,9.1,9.2,,9.3,9.0,9.3,9.2,,,
Tiket.com,9.2,9.2,,9.3,9.5,9.1,9.2,,,
Tiket.com,9.1,9.1,,8.6,8.9,9.2,9.4,,,
Tiket.com,9.4,9.8,,8.9,9.4,9.5,9.2,,,
Tiket.com,9.1,9.1,,8.7,9.6,9.1,9.5,,,
Tiket.com,9.1,9.3,,9.0,9.1,9.1,9.3,,,
Tiket.com,9.0,9.1,,9.4,9.5,9.2,9.2,,,
Tiket.com,9.3,9.4,,9.3,9.3,8.8,9.0,,,
Tiket.com,9.1,9.3,,9.3,9.5,9.2,8.9,,,
Tiket.com,9.2,9.1,,8.9,8.9,9.2,8.3,,,
Tiket.com,9.2,8.6,,9.5,9.3,9.7,9.6,,,
Tiket.com,9.3,9.3,,9.2,8.8,9.1,9.2,,,
Tiket.com,9.0,9.1,,9.2,9.7,9.3,9.1,,,
Tiket.com,9.2,9.2,,9.5,8.6,9.5,8.6,,,
Tiket.com,9.1,8.8,,8.9,9.1,8.9,9.0,,,
Tiket.com,9.5,9.6,,9.3,8.9,9.6,9.0,,,
Tiket.com,9.2,9.5,,9.3,9.4,9.7,9.0,,,
Tiket.com,9.3,9.6,,9.0,9.8,9.2,9.3,,,
Tiket.com,9.4,9.5,,9.4,9.4,9.0,9.2,,,
Tiket.com,9.6,9.4,,9.3,10.0,9.7,8.8,,,
Tiket.com,9.1,8.9,,9.2,8.8,9.4,8.8,,,
Tiket.com,9.2,9.8,,9.2,8.8,9.2,8.8,,,
Tiket.com,9.5,8.9,,9.4,8.9,9.6,9.7,,,
Tiket.com,9.7,9.1,,9.4,9.2,9.6,9.6,,,
Tiket.com,9.1,9.4,,9.2,8.9,9.1,8.9,,,
Tiket.com,9.3,9.4,,9.5,9.0,9.3,8.6,,,
Tiket.com,9.4,9.4,,9.4,9.4,9.4,9.2,,,
Tiket.com,9.2,9.1,,8.7,8.8,9.2,9.2,,,
Tiket.com,9.0,9.0,,8.8,8.9,8.8,9.3,,,
Tiket.com,9.3,10.0,,9.6,9.1,8.9,9.4,,,
Tiket.com,9.0,9.2,,9.1,9.1,8.8,9.3,,,
Tiket.com,9.1,9.2,,9.2,9.5,9.3,8.9,,,
Tiket.com,9.5,9.0,,9.5,8.9,8.8,9.3,,,
Tiket.com,9.3,9.3,,9.2,9.0,9.3,9.5,,,
Tiket.com,9.3,9.3,,9.2,9.4,9.7,9.0,,,
Tiket.com,9.2,9.2,,8.9,9.4,9.6,9.3,,,
Tiket.com,9.3,9.3,,9.3,9.6,8.6,9.0,,,
Tiket.com,9.5,9.7,,9.4,9.3,8.8,9.8,,,
Tiket.com,9.1,9.0,,9.0,9.2,9.0,8.8,,,
Tiket.com,9.1,9.2,,8.9,9.4,8.8,9.5,,,
Tiket.com,9.2,9.0,,10.0,9.1,8.7,8.7,,,
Tiket.com,9.3,9.3,,9.2,9.1,9.2,9.7,,,
Tiket.com,8.9,9.0,,9.0,8.7,9.4,8.9,,,
Tiket.com,9.2,9.0,,9.4,9.5,9.5,9.3,,,
Tiket.com,9.1,8.8,,9.2,9.3,9.1,8.7,,,
Tiket.com,9.2,9.2,,8.9,9.4,9.1,8.8,,,
Tiket.com,9.2,9.3,,9.3,8.4,9.3,9.5,,,
Tiket.com,9.4,9.8,,8.9,9.2,9.2,9.5,,,
Tiket.com,9.5,9.3,,9.7,8.9,9.4,9.3,,,
Tiket.com,9.2,9.1,,9.3,9.7,9.3,9.4,,,
Tiket.com,9.2,8.8,,9.1,9.4,9.1,9.5,,,
Tiket.com,9.1,8.8,,9.2,9.3,8.6,9.0,,,
Tiket.com,9.1,8.8,,9.5,9.1,9.6,8.8,,,
Tiket.com,9.4,9.8,,9.3,9.3,9.0,9.2,,,
Tiket.com,9.2,9.3,,9.8,8.9,9.3,9.0,,,
Tiket.com,9.4,9.0,,9.5,9.2,8.6,9.3,,,
Tiket.com,9.1,8.9,,9.3,9.0,9.2,9.4,,,
Tiket.com,9.3,8.9,,8.9,9.9,9.2,9.0,,,
Tiket.com,9.2,9.0,,9.2,9.6,9.2,9.4,,,
Tiket.com,9.5,9.6,,9.3,9.5,10.0,9.4,,,
Tiket.com,8.8,9.2,,9.0,8.8,9.0,9.4,,,
Tiket.com,9.4,8.8,,9.6,9.5,9.4,9.1,,,
Tiket.com,9.5,9.9,,8.9,9.3,9.4,9.4,,,
Tiket.com,9.1,8.9,,9.0,9.6,9.0,9.4,,,
Tiket.com,9.1,9.0,,9.0,9.3,9.4,9.4,,,
Tiket.com,9.4,9.6,,9.4,9.2,9.2,9.7,,,
Tiket.com,9.2,9.3,,9.0,9.3,9.5,9.3,,,
Tiket.com,9.0,9.1,,8.7,8.7,9.8,9.0,,,
Tiket.com,8.9,8.8,,9.5,9.0,9.2,8.9,,,
Tiket.com,9.2,8.9,,9.1,9.3,9.1,9.5,,,
Tiket.com,9.2,8.9,,8.9,9.5,9.5,9.3,,,
Tiket.com,9.4,9.2,,9.0,9.0,9.6,9.7,,,
Tiket.com,9.2,9.3,,9.7,9.2,8.9,8.6,,,
Tiket.com,9.0,9.2,,9.0,8.7,9.1,9.5,,,
Tiket.com,9.1,9.2,,9.2,9.6,9.4,9.1,,,
Tiket.com,9.3,8.9,,9.1,9.5,9.2,9.1,,,
Tiket.com,9.2,9.3,,8.8,9.4,8.9,9.0,,,
Tiket.com,9.4,9.6,,9.0,9.3,9.4,9.5,,,
Tiket.com,9.1,9.2,,8.8,9.7,9.4,9.4,,,
Tiket.com,9.0,9.1,,9.5,9.0,9.1,8.9,,,
Tiket.com,9.0,9.2,,9.2,8.9,9.2,9.2,,,
Tiket.com,9.6,9.5,,9.9,9.5,9.0,9.4,,,
Tiket.com,9.2,8.9,,9.0,9.5,8.9,9.3,,,
Tiket.com,8.9,9.6,,8.9,8.8,9.1,9.5,,,
Tiket.com,9.3,9.3,,9.7,9.0,9.2,9.1,,,
Tiket.com,9.1,9.2,,9.5,9.7,8.8,8.5,,,
Tiket.com,9.3,9.6,,9.3,9.3,9.1,9.3,,,
Tiket.com,9.2,8.8,,8.9,9.4,9.2,9.3,,,
Tiket.com,9.5,9.4,,9.7,8.9,9.6,9.3,,,
Tiket.com,9.4,9.3,,9.2,9.4,9.1,9.5,,,
Tiket.com,8.9,8.9,,9.1,8.8,8.8,8.6,,,
Tiket.com,9.2,9.3,,9.5,8.6,9.1,9.1,,,
Tiket.com,9.1,9.3,,9.2,9.4,9.0,8.9,,,
Tiket.com,9.2,9.1,,8.9,9.6,9.4,8.8,,,
Tiket.com,9.2,9.5,,9.2,9.1,9.1,9.2,,,
Tiket.com,8.9,9.0,,9.0,9.0,8.4,9.4,,,
Tiket.com,9.1,9.3,,8.3,9.7,10.0,9.3,,,
Tiket.com,9.1,9.2,,8.9,9.1,9.2,9.0,,,
Tiket.com,9.3,9.0,,9.0,9.2,9.2,9.2,,,
Tiket.com,9.1,9.4,,8.9,9.7,8.7,9.5,,,
Tiket.com,8.9,9.1,,9.4,9.1,8.8,9.4,,,
Tiket.com,8.8,8.8,,9.0,9.0,9.2,9.0,,,
Tiket.com,9.5,8.7,,9.3,9.4,9.3,9.0,,,
Tiket.com,9.2,9.4,,8.8,9.0,9.4,8.7,,,
Tiket.com,9.1,8.8,,9.5,9.2,9.3,9.1,,,
Tiket.com,8.9,9.3,,8.8,8.8,8.8,8.7,,,
Tiket.com,9.0,9.2,,8.5,9.3,8.4,9.8,,,
Tiket.com,9.1,9.1,,9.6,9.2,9.2,8.9,,,
Tiket.com,9.3,9.8,,8.9,9.5,9.0,9.5,,,
Tiket.com,9.3,9.3,,9.7,9.5,8.8,9.7,,,
Tiket.com,9.3,9.4,,9.4,9.4,9.4,9.3,,,
Tiket.com,9.1,9.3,,9.4,9.3,8.7,9.2,,,
Tiket.com,9.3,9.1,,9.5,9.2,9.4,8.8,,,
Tiket.com,9.0,9.2,,9.2,9.4,8.8,9.0,,,
Tiket.com,9.7,9.6,,9.2,8.9,9.2,9.7,,,
Tiket.com,9.4,9.5,,9.6,8.5,9.5,9.3,,,
Tiket.com,9.2,9.8,,9.2,9.5,9.1,9.2,,,
Tiket.com,9.0,9.3,,9.0,9.4,9.7,9.6,,,
Tiket.com,9.2,8.9,,9.4,9.2,9.8,9.4,,,
Tiket.com,9.3,9.1,,8.6,9.5,9.3,9.2,,,
Tiket.com,9.3,8.8,,9.6,9.0,9.4,9.3,,,
Tiket.com,9.3,9.4,,9.6,9.0,9.5,9.0,,,
Tiket.com,9.1,9.0,,9.6,8.9,9.4,9.0,,,
Tiket.com,9.0,8.3,,9.5,9.4,9.3,9.1,,,
Tiket.com,9.2,9.9,,9.2,8.7,9.0,9.4,,,
Tiket.com,8.8,9.0,,9.2,9.0,8.7,8.8,,,
Tiket.com,9.0,9.0,,8.8,9.3,8.8,9.2,,,
Tiket.com,9.7,9.7,,9.7,8.8,9.9,9.1,,,
Tiket.com,8.9,8.8,,9.1,9.0,9.3,8.9,,,
Tiket.com,9.2,9.5,,9.3,8.5,9.1,9.1,,,
Tiket.com,9.3,9.0,,9.3,9.4,9.6,8.5,,,
Tiket.com,8.7,8.8,,8.8,9.0,9.0,9.0,,,
Tiket.com,9.0,9.7,,8.7,8.9,9.4,8.9,,,
Tiket.com,9.3,9.5,,9.2,8.8,9.2,9.1,,,
Tiket.com,9.0,9.5,,9.1,9.1,9.3,8.5,,,
Tiket.com,9.1,9.3,,9.2,8.7,9.1,9.3,,,
Tiket.com,9.7,9.4,,9.5,9.8,8.9,9.5,,,
Tiket.com,9.1,8.8,,9.3,8.5,9.0,9.2,,,
Tiket.com,9.2,9.2,,9.4,9.1,9.0,9.3,,,
Tiket.com,9.3,8.9,,9.3,9.2,9.2,9.0,,,
Tiket.com,8.9,8.8,,9.1,9.0,8.7,8.7,,,
Tiket.com,9.3,9.3,,8.9,9.3,8.8,9.2,,,
Tiket.com,9.0,9.5,,9.3,9.0,9.2,9.4,,,
Tiket.com,9.2,9.1,,9.2,9.7,9.2,8.8,,,
Tiket.com,8.9,9.1,,9.5,8.9,9.3,9.1,,,
Tiket.com,9.0,8.9,,9.2,8.5,9.2,9.1,,,
Tiket.com,9.3,9.2,,9.1,8.8,10.0,10.0,,,
Tiket.com,9.5,9.4,,9.1,9.3,9.2,9.3,,,
Tiket.com,9.2,9.4,,8.9,9.2,9.1,8.6,,,
Tiket.com,9.2,9.4,,9.6,9.4,9.2,8.6,,,
Tiket.com,9.3,9.0,,9.5,9.4,9.5,9.4,,,
Tiket.com,9.1,9.0,,8.8,9.0,9.2,9.9,,,
Tiket.com,9.2,9.4,,9.4,9.1,9.4,9.1,,,
Tiket.com,9.1,9.4,,8.6,9.1,9.3,9.1,,,
Tiket.com,9.6,9.1,,9.5,9.8,9.1,9.3,,,
Tiket.com,9.0,9.1,,9.0,9.4,9.2,9.0,,,
Tiket.com,9.4,9.6,,9.3,9.8,9.7,8.4,,,
Tiket.com,9.1,9.1,,8.6,9.5,9.3,9.5,,,
Tiket.com,9.6,9.4,,8.8,9.2,8.9,9.0,,,
Tiket.com,9.2,9.2,,9.3,8.9,9.1,9.5,,,
Tiket.com,9.1,8.9,,9.0,9.3,8.6,9.0,,,
Tiket.com,9.4,9.7,,8.9,9.2,9.2,9.2,,,
Tiket.com,9.5,9.2,,9.6,9.2,9.6,9.5,,,
Tiket.com,9.3,9.0,,9.9,9.1,8.8,9.5,,,
Tiket.com,9.1,8.8,,9.5,8.6,9.2,9.3,,,
Tiket.com,9.0,8.8,,8.9,9.6,9.5,9.3,,,
Tiket.com,9.4,9.1,,9.7,9.2,9.5,9.4,,,
Tiket.com,9.2,9.8,,8.7,8.8,9.6,9.3,,,
Tiket.com,9.1,9.0,,9.1,9.3,8.6,8.8,,,
Tiket.com,9.2,9.6,,9.2,8.9,9.4,8.8,,,
Tiket.com,9.3,9.2,,9.8,9.4,8.7,8.6,,,
Tiket.com,9.3,8.8,,9.5,9.5,8.9,9.4,,,
Tiket.com,8.8,9.1,,9.1,9.5,9.4,9.1,,,
Tiket.com,9.0,8.8,,8.9,9.2,9.2,9.4,,,
Tiket.com,8.9,8.9,,9.5,9.1,9.4,9.3,,,
Tiket.com,9.0,8.9,,9.0,9.0,8.9,8.9,,,
Tiket.com,9.1,8.6,,9.3,9.0,9.6,9.2,,,
Tiket.com,9.5,9.7,,8.8,9.2,9.4,9.1,,,
Tiket.com,9.3,9.3,,9.4,9.1,9.5,9.0,,,
Tiket.com,9.0,9.0,,9.3,9.0,8.9,9.5,,,
Tiket.com,9.4,9.3,,8.8,8.9,9.6,10.0,,,
Tiket.com,9.1,8.9,,9.5,9.2,9.1,9.5,,,
Tiket.com,8.9,8.4,,9.4,9.1,9.0,9.2,,,
Tiket.com,9.5,10.0,,9.4,8.9,9.4,9.6,,,
Tiket.com,9.6,9.3,,9.1,9.4,9.4,9.7,,,
Tiket.com,9.3,9.0,,9.3,9.7,8.9,8.8,,,
Tiket.com,9.4,8.6,,9.2,9.5,9.8,9.6,,,
Tiket.com,9.6,8.8,,9.2,9.0,9.7,9.4,,,
Tiket.com,9.3,9.7,,9.3,9.2,9.4,9.6,,,
Tiket.com,9.5,9.7,,9.6,9.7,9.3,9.4,,,
Tiket.com,9.2,9.4,,9.5,8.8,9.3,9.1,,,
Tiket.com,9.3,8.9,,8.8,9.4,8.7,9.8,,,
Tiket.com,9.2,9.7,,9.5,8.8,9.2,9.3,,,
Tiket.com,9.7,9.3,,9.6,9.7,9.2,9.1,,,
Tiket.com,9.0,9.4,,9.2,9.1,9.0,9.4,,,
Tiket.com,9.4,9.3,,9.4,9.9,9.1,9.5,,,
Tiket.com,9.1,8.7,,9.3,9.7,8.5,9.2,,,
Tiket.com,8.9,8.8,,8.9,9.2,8.9,9.3,,,
Tiket.com,9.0,9.0,,9.1,9.0,9.5,9.2,,,
Tiket.com,9.5,9.4,,9.4,9.3,9.7,9.0,,,
Tiket.com,9.2,8.8,,9.1,9.1,8.9,9.0,,,
Tiket.com,8.9,9.1,,9.5,9.1,9.3,8.8,,,
Tiket.com,9.3,9.1,,9.6,8.7,9.5,9.7,,,
Tiket.com,9.2,9.4,,9.5,9.0,9.0,9.1,,,
Tiket.com,9.3,9.4,,9.8,8.9,9.4,8.2,,,
Tiket.com,9.1,8.9,,9.2,9.4,9.2,9.3,,,
Tiket.com,9.3,9.6,,9.3,9.5,9.6,9.3,,,
Tiket.com,9.3,8.9,,9.3,9.4,8.8,8.6,,,
Tiket.com,9.4,9.5,,9.2,9.3,8.9,9.0,,,
Tiket.com,9.1,9.0,,9.4,8.9,9.3,8.9,,,
Tiket.com,9.0,9.2,,8.7,9.3,9.2,9.0,,,
Tiket.com,9.2,9.3,,9.3,9.4,9.2,9.6,,,
Tiket.com,8.7,9.3,,8.8,9.0,9.4,9.2,,,
Tiket.com,9.2,9.4,,8.9,9.2,8.9,9.1,,,
Tiket.com,9.3,9.3,,9.4,9.2,8.8,9.5,,,
Tiket.com,9.3,9.4,,9.1,9.7,9.0,9.3,,,
Tiket.com,9.3,9.3,,9.4,9.5,9.1,8.7,,,
Tiket.com,9.1,8.8,,9.1,9.4,9.1,9.0,,,
Tiket.com,9.1,9.3,,9.5,8.7,9.6,9.3,,,
Tiket.com,9.1,9.0,,9.1,9.3,9.4,8.9,,,
Tiket.com,9.1,8.9,,8.6,9.2,9.4,9.8,,,
Tiket.com,9.3,9.1,,9.3,9.2,9.3,9.2,,,
Tiket.com,9.1,9.3,,8.5,8.7,9.1,9.0,,,
Tiket.com,8.9,9.3,,8.8,8.9,8.9,8.9,,,
Tiket.com,9.0,9.5,,8.9,9.2,8.8,9.5,,,
Tiket.com,9.3,9.6,,8.9,9.5,9.0,9.0,,,
Tiket.com,9.4,9.3,,9.0,9.0,9.2,9.3,,,
Tiket.com,8.9,9.4,,8.9,9.1,8.9,8.9,,,
Tiket.com,9.4,9.2,,8.8,9.7,9.3,9.2,,,
Tiket.com,9.5,9.4,,9.7,9.1,9.1,9.0,,,
Tiket.com,9.1,9.3,,9.0,9.2,9.1,9.1,,,
Tiket.com,9.0,9.2,,8.5,9.2,9.5,9.0,,,
Tiket.com,9.2,9.8,,9.1,8.8,8.5,9.5,,,
Tiket.com,9.2,9.0,,8.9,9.4,9.1,9.1,,,
Tiket.com,9.2,9.6,,8.9,9.0,8.5,9.2,,,
Tiket.com,9.5,8.8,,9.4,9.2,9.3,9.2,,,
Tiket.com,9.4,9.4,,9.1,9.3,9.4,9.7,,,
Tiket.com,9.2,9.6,,8.9,9.8,8.8,9.5,,,
Tiket.com,8.9,8.6,,9.3,8.8,8.8,9.4,,,
Tiket.com,9.2,9.2,,9.5,9.5,8.7,8.7,,,
Tiket.com,9.5,9.4,,9.4,9.5,9.2,9.0,,,
Tiket.com,9.0,9.3,,8.5,9.0,9.1,9.6,,,
Tiket.com,9.1,9.3,,8.9,9.4,9.1,8.8,,,
Tiket.com,9.1,9.2,,9.2,9.7,9.1,9.2,,,
Tiket.com,9.0,8.9,,9.1,9.0,8.9,8.9,,,
Tiket.com,9.9,9.9,,9.1,9.3,9.5,8.9,,,
Tiket.com,9.2,9.0,,8.9,9.3,9.3,9.7,,,
Tiket.com,9.2,9.3,,8.8,9.4,8.8,9.4,,,
Tiket.com,9.2,9.0,,9.8,9.4,9.0,9.5,,,
Tiket.com,8.8,8.5,,9.2,9.2,8.9,9.4,,,
Tiket.com,9.4,8.9,,9.4,9.4,9.6,9.2,,,
Tiket.com,9.0,8.8,,9.2,8.9,9.4,9.0,,,
Tiket.com,8.9,9.5,,9.2,9.2,9.2,9.1,,,
Tiket.com,9.5,9.0,,9.2,9.1,9.7,9.1,,,
Tiket.com,9.2,9.0,,8.9,8.8,9.6,9.7,,,
Tiket.com,8.9,8.9,,8.7,9.0,9.1,8.8,,,
Tiket.com,9.1,9.2,,9.3,9.3,9.1,9.0,,,
Tiket.com,9.2,9.0,,9.3,9.3,9.1,8.9,,,
Tiket.com,9.3,9.5,,9.5,8.8,8.9,9.5,,,
Tiket.com,9.4,9.3,,9.4,8.9,9.7,9.8,,,
Tiket.com,9.3,9.0,,9.0,9.4,8.9,9.3,,,
Tiket.com,9.6,9.5,,9.5,9.4,9.5,9.3,,,
Tiket.com,9.7,9.2,,9.4,9.5,9.4,9.2,,,
Tiket.com,9.2,9.2,,9.4,9.6,9.1,9.3,,,
Tiket.com,9.3,8.8,,9.9,9.4,9.7,9.4,,,
Tiket.com,9.3,9.2,,9.8,9.1,8.7,9.3,,,
Tiket.com,9.2,9.3,,9.4,9.2,9.2,9.3,,,
Tiket.com,9.4,9.6,,9.4,9.7,9.1,9.4,,,
Tiket.com,9.5,9.0,,9.5,10.0,9.5,8.7,,,
Tiket.com,9.5,9.9,,9.0,9.3,9.3,9.2,,,
Tiket.com,9.4,9.4,,9.0,9.4,8.7,9.3,,,
Tiket.com,9.2,8.7,,9.4,9.4,9.6,9.3,,,
Tiket.com,9.1,8.9,,8.9,9.2,9.3,9.1,,,
Tiket.com,9.4,9.6,,9.4,9.5,8.9,9.2,,,
Tiket.com,9.3,9.6,,9.2,9.5,9.1,9.0,,,
Tiket.com,8.9,9.2,,8.9,9.3,8.8,8.7,,,
Tiket.com,9.0,9.2,,9.2,9.1,9.1,9.5,,,
Tiket.com,9.2,8.9,,9.6,8.7,9.2,8.9,,,
Tiket.com,9.2,9.6,,9.2,9.4,9.1,9.2,,,
Tiket.com,8.8,8.9,,9.2,9.3,9.1,9.0,,,
Tiket.com,9.2,9.5,,9.3,9.0,8.7,9.7,,,
Tiket.com,9.5,9.6,,9.3,8.9,9.3,9.2,,,
Tiket.com,8.7,9.2,,9.1,9.4,8.6,9.1,,,
Tiket.com,9.1,9.5,,9.3,8.7,9.2,9.4,,,
Tiket.com,9.4,9.8,,8.9,9.3,8.7,9.8,,,
Tiket.com,9.0,9.3,,9.0,9.5,9.2,9.3,,,
Tiket.com,9.1,9.1,,9.0,9.4,9.2,9.1,,,
Tiket.com,9.1,9.2,,9.3,9.1,9.3,9.4,,,
Tiket.com,8.9,9.0,,9.2,8.8,9.5,8.7,,,
Tiket.com,9.2,9.0,,9.2,9.4,9.5,9.2,,,
Tiket.com,9.2,9.3,,9.4,9.6,8.7,9.8,,,
Tiket.com,9.0,9.2,,9.3,9.0,9.2,9.2,,,
Tiket.com,9.4,9.3,,9.1,9.4,9.8,9.2,,,
Tiket.com,9.5,8.8,,8.9,9.7,9.2,9.2,,,
Tiket.com,9.2,9.2,,9.0,9.3,9.0,9.1,,,
Tiket.com,9.3,9.5,,8.8,9.1,9.2,9.3,,,
Tiket.com,9.3,8.9,,9.2,9.5,9.1,9.4,,,
Tiket.com,8.9,9.2,,8.9,9.0,8.8,9.1,,,
Tiket.com,9.0,8.6,,9.1,8.8,9.5,8.5,,,
Tiket.com,9.4,8.8,,9.2,9.4,9.4,9.3,,,
Tiket.com,9.4,9.4,,9.5,9.1,8.8,9.8,,,
Tiket.com,9.2,9.1,,9.5,9.1,9.2,9.1,,,
Tiket.com,9.3,9.7,,9.2,9.0,9.0,8.8,,,
Tiket.com,9.6,9.3,,9.6,9.1,8.7,9.4,,,
Tiket.com,9.3,9.4,,8.6,9.6,8.8,9.7,,,
Tiket.com,9.3,8.9,,9.8,9.7,8.8,9.4,,,
Tiket.com,9.4,9.1,,9.4,9.7,9.2,9.7,,,
Tiket.com,9.1,9.0,,9.2,9.5,9.1,9.4,,,
Tiket.com,9.4,8.9,,8.9,9.3,8.9,9.4,,,
Tiket.com,9.3,9.4,,9.1,8.8,9.1,9.0,,,
Tiket.com,9.4,9.5,,9.4,9.1,9.4,9.3,,,
Tiket.com,9.8,9.3,,9.4,9.8,9.3,9.2,,,
Tiket.com,9.3,9.0,,9.4,9.1,9.5,9.2,,,
Tiket.com,9.2,9.3,,9.0,9.7,9.1,9.1,,,
Tiket.com,9.2,8.6,,8.9,9.2,9.7,9.3,,,
Tiket.com,9.2,9.6,,9.3,8.4,9.3,8.8,,,
Tiket.com,9.3,8.8,,9.4,9.4,9.1,9.4,,,
Tiket.com,9.0,8.9,,9.2,9.6,9.2,8.9,,,
Tiket.com,9.1,9.2,,9.6,9.2,8.8,9.1,,,
Tiket.com,9.5,9.3,,9.2,9.6,9.1,9.3,,,
Tiket.com,9.3,9.2,,9.2,8.7,9.3,8.9,,,
Tiket.com,9.3,8.9,,9.4,8.8,9.4,8.6,,,
Tiket.com,9.7,9.5,,9.6,9.3,9.1,9.1,,,
Tiket.com,9.2,8.7,,8.8,9.3,10.0,8.8,,,
Tiket.com,9.2,8.8,,8.9,9.6,9.1,9.4,,,
Tiket.com,9.0,9.2,,9.1,9.4,8.7,8.9,,,
Tiket.com,9.2,8.8,,10.0,8.8,9.6,9.6,,,
Tiket.com,9.0,9.6,,9.1,9.3,9.4,9.2,,,
Tiket.com,9.1,8.8,,9.2,9.4,9.3,9.2,,,
Tiket.com,8.8,9.7,,9.4,8.6,9.1,8.6,,,
Tiket.com,9.5,9.5,,9.5,9.2,9.3,9.2,,,
Tiket.com,9.5,9.6,,9.3,9.1,9.7,9.2,,,
Tiket.com,9.0,9.8,,9.5,9.0,9.3,8.8,,,
Tiket.com,9.0,9.2,,8.8,9.3,8.8,9.2,,,
Tiket.com,9.1,8.9,,9.0,8.9,8.2,9.1,,,
Tiket.com,9.3,9.2,,9.5,9.3,9.3,9.1,,,
Tiket.com,9.0,9.0,,9.2,9.4,8.9,9.2,,,
Tiket.com,8.9,9.0,,8.8,9.5,9.2,9.1,,,
Tiket.com,8.8,9.2,,8.8,8.9,9.0,9.3,,,
Tiket.com,9.0,9.1,,9.0,8.7,8.9,9.2,,,
Tiket.com,9.1,9.0,,9.2,9.3,9.0,9.3,,,
Tiket.com,9.1,9.1,,9.3,9.1,9.0,9.0,,,
Tiket.com,9.4,9.4,,9.1,10.0,9.4,8.9,,,
Tiket.com,9.3,9.5,,9.3,9.3,9.4,9.0,,,
Tiket.com,8.8,8.7,,9.1,9.2,8.8,9.6,,,
Tiket.com,9.2,9.1,,9.6,9.1,8.9,9.5,,,
Tiket.com,9.1,9.2,,10.0,8.8,9.3,9.6,,,
Tiket.com,9.1,8.8,,9.1,9.4,9.5,9.6,,,
Tiket.com,9.4,9.2,,9.3,9.2,9.5,9.1,,,
Tiket.com,9.2,9.2,,9.3,9.2,8.9,9.3,,,
Tiket.com,9.4,9.4,,9.2,9.2,9.5,9.2,,,
Tiket.com,9.5,9.2,,9.4,9.3,8.7,9.4,,,
Tiket.com,9.0,8.9,,9.3,8.7,9.1,9.1,,,
Tiket.com,9.4,9.8,,9.1,9.5,9.3,9.2,,,
Tiket.com,9.1,9.4,,9.6,8.9,8.6,9.2,,,
Tiket.com,9.3,9.4,,9.3,9.2,9.8,9.4,,,
Tiket.com,9.3,9.5,,9.1,9.6,9.6,9.4,,,
Tiket.com,9.5,9.3,,9.9,9.7,9.4,9.2,,,
Tiket.com,9.2,9.6,,9.2,8.7,8.9,9.2,,,
Tiket.com,9.3,9.2,,9.3,9.2,9.2,9.3,,,
Tiket.com,9.3,9.2,,9.3,9.3,9.4,9.7,,,
Tiket.com,9.2,9.4,,9.2,8.7,8.9,8.7,,,
Tiket.com,9.3,9.7,,9.3,9.4,9.1,8.9,,,
Tiket.com,9.3,9.7,,8.9,9.2,9.5,9.4,,,
Tiket.com,9.1,9.4,,9.4,9.3,8.8,9.3,,,
Tiket.com,8.9,9.4,,8.7,8.9,9.3,9.3,,,
Tiket.com,9.3,9.4,,8.8,9.3,8.7,9.4,,,
Tiket.com,9.3,9.5,,9.7,9.5,8.9,9.3,,,
Tiket.com,9.0,9.6,,8.8,9.2,9.0,9.0,,,
Tiket.com,9.0,9.1,,8.6,9.0,9.4,9.4,,,
Tiket.com,9.1,9.6,,8.8,9.1,9.0,9.2,,,
Tiket.com,9.6,9.3,,9.7,9.3,9.2,9.1,,,
Tiket.com,9.1,9.4,,8.7,9.2,9.0,9.4,,,
Tiket.com,9.7,9.6,,8.9,9.5,9.0,9.4,,,
Tiket.com,9.2,9.4,,8.8,9.1,9.6,9.3,,,
Tiket.com,9.5,9.5,,9.1,8.8,8.9,9.7,,,
Tiket.com,9.4,9.1,,9.1,9.3,9.4,9.6,,,
Tiket.com,9.3,9.6,,9.1,9.1,9.2,9.5,,,
Tiket.com,9.7,9.4,,9.8,9.4,9.0,10.0,,,
Tiket.com,9.2,9.2,,8.8,9.2,8.8,9.2,,,
Tiket.com,9.4,9.5,,9.2,9.4,8.9,9.1,,,
Tiket.com,9.7,10.0,,9.3,8.9,9.0,9.5,,,
Tiket.com,9.0,8.8,,8.9,9.2,9.2,9.1,,,
Tiket.com,9.0,9.0,,9.3,9.0,9.4,9.2,,,
Tiket.com,9.1,10.0,,9.1,8.8,9.1,8.9,,,
Tiket.com,9.4,9.3,,9.3,8.9,9.1,9.4,,,
Tiket.com,9.4,9.3,,9.2,9.0,9.2,8.8,,,
Tiket.com,9.1,9.2,,8.6,9.6,9.3,9.2,,,
Tiket.com,9.0,9.6,,9.6,9.0,9.4,9.2,,,
